time,equity,drawdown
2026-07-09 16:00:00+00:00,10000.0,0.0
2026-07-09 20:00:00+00:00,10000.0,0.0
2026-07-10 00:00:00+00:00,10000.0,0.0
2026-07-10 04:00:00+00:00,10000.0,0.0
2026-07-10 08:00:00+00:00,10000.0,0.0
2026-07-10 12:00:00+00:00,10000.0,0.0
2026-07-10 16:00:00+00:00,10000.0,0.0
2026-07-10 20:00:00+00:00,10000.0,0.0
2026-07-11 00:00:00+00:00,10000.0,0.0
2026-07-11 04:00:00+00:00,10000.0,0.0
2026-07-11 08:00:00+00:00,10000.0,0.0
2026-07-11 12:00:00+00:00,10000.0,0.0
2026-07-11 16:00:00+00:00,10000.0,0.0
2026-07-11 20:00:00+00:00,10000.0,0.0
2026-07-12 00:00:00+00:00,10000.0,0.0
2026-07-12 04:00:00+00:00,10000.0,0.0
2026-07-12 08:00:00+00:00,10000.0,0.0
2026-07-12 12:00:00+00:00,10000.0,0.0
2026-07-12 16:00:00+00:00,10000.0,0.0
2026-07-12 20:00:00+00:00,10000.0,0.0
2026-07-13 00:00:00+00:00,10000.0,0.0
2026-07-13 04:00:00+00:00,10000.0,0.0
2026-07-13 08:00:00+00:00,10000.0,0.0
2026-07-13 12:00:00+00:00,10000.0,0.0
2026-07-13 16:00:00+00:00,10000.0,0.0
2026-07-13 20:00:00+00:00,10000.0,0.0
2026-07-14 00:00:00+00:00,10000.0,0.0
2026-07-14 04:00:00+00:00,10000.0,0.0
2026-07-14 08:00:00+00:00,10000.0,0.0
2026-07-14 12:00:00+00:00,10000.0,0.0
2026-07-14 16:00:00+00:00,10000.0,0.0
2026-07-14 20:00:00+00:00,10000.0,0.0
2026-07-15 00:00:00+00:00,9995.525638002737,-0.0004474361997263143
2026-07-15 04:00:00+00:00,9975.650907323965,-0.00243490926760348
2026-07-15 08:00:00+00:00,10001.490692287187,0.0
2026-07-15 12:00:00+00:00,10090.328221845592,0.0
2026-07-15 16:00:00+00:00,10052.617149574724,-0.0037373484233370613
2026-07-15 20:00:00+00:00,10025.895521083034,-0.006385590175655653
2026-07-16 00:00:00+00:00,10020.353568389532,-0.006934824310726007
2026-07-16 04:00:00+00:00,9980.66844933391,-0.01086781025361172
2026-07-16 08:00:00+00:00,9898.71716756633,-0.01898957596487527
2026-07-16 12:00:00+00:00,9920.642833798982,-0.01681663711188708
2026-07-16 16:00:00+00:00,9889.02484018759,-0.019950132169355816
2026-07-16 20:00:00+00:00,9878.562517189788,-0.02098699863868947
2026-07-17 00:00:00+00:00,9873.671517805473,-0.02147172017368637
2026-07-17 04:00:00+00:00,9863.442766912267,-0.022485438525390755
2026-07-17 08:00:00+00:00,9863.442766912267,-0.022485438525390755
2026-07-17 12:00:00+00:00,9863.442766912267,-0.022485438525390755
2026-07-17 16:00:00+00:00,9863.442766912267,-0.022485438525390755
2026-07-17 20:00:00+00:00,9863.442766912267,-0.022485438525390755
2026-07-18 00:00:00+00:00,9859.804740332362,-0.022845984436278832
2026-07-18 04:00:00+00:00,9858.733017011196,-0.022952197365888494
2026-07-18 08:00:00+00:00,9863.501440058455,-0.022479623734741883
2026-07-18 12:00:00+00:00,9867.281945849421,-0.022104957449577745
2026-07-18 16:00:00+00:00,9897.798006777564,-0.01908066921462459
2026-07-18 20:00:00+00:00,9917.785753250457,-0.01709978751945651
2026-07-19 00:00:00+00:00,9908.692084990536,-0.018001013729346482
2026-07-19 04:00:00+00:00,9909.037962563372,-0.01796673560030737
2026-07-19 08:00:00+00:00,9891.750475909615,-0.019680008575544083
2026-07-19 12:00:00+00:00,9900.10835532876,-0.0188517025744519
2026-07-19 16:00:00+00:00,9886.945189802389,-0.020156235513021037
2026-07-19 20:00:00+00:00,9934.825244314565,-0.015411092098506995
2026-07-20 00:00:00+00:00,9958.061264252903,-0.01310829089843979
2026-07-20 04:00:00+00:00,9685.512623782608,-0.04011917047322178
2026-07-20 08:00:00+00:00,9853.494307516059,-0.023471378643242335
2026-07-20 12:00:00+00:00,9945.703326151834,-0.014333021930906575
2026-07-20 16:00:00+00:00,9884.797780733394,-0.02036905406775802
2026-07-20 20:00:00+00:00,9916.527886210733,-0.01722444818579638
2026-07-21 00:00:00+00:00,10017.00100898206,-0.007267079053462022
2026-07-21 04:00:00+00:00,10108.638568440834,0.0
2026-07-21 08:00:00+00:00,10135.010982170159,0.0
2026-07-21 12:00:00+00:00,10154.425356151653,0.0
2026-07-21 16:00:00+00:00,10061.333361405566,-0.009167628051910404
2026-07-21 20:00:00+00:00,10125.326354699759,-0.0028656472849313275
2026-07-22 00:00:00+00:00,10046.031178383957,-0.010674575268016406
2026-07-22 04:00:00+00:00,9850.072250887712,-0.02997245974924234
2026-07-22 08:00:00+00:00,9980.430124420101,-0.01713491661309452
2026-07-22 12:00:00+00:00,10090.805161838163,-0.006265267810053654
2026-07-22 16:00:00+00:00,9941.07153072919,-0.02101092065177379
2026-07-22 20:00:00+00:00,10053.83066989439,-0.009906487342124293
2026-07-23 00:00:00+00:00,9837.556393250517,-0.03120501178426338
2026-07-23 04:00:00+00:00,9743.466187423974,-0.040470942895721396
2026-07-23 08:00:00+00:00,9839.98300521798,-0.0309660409038488
2026-07-23 12:00:00+00:00,9512.621799997349,-0.06320432064287052
2026-07-23 16:00:00+00:00,9512.621799997349,-0.06320432064287052
2026-07-23 20:00:00+00:00,9512.621799997349,-0.06320432064287052
2026-07-24 00:00:00+00:00,9512.621799997349,-0.06320432064287052
2026-07-24 04:00:00+00:00,9512.621799997349,-0.06320432064287052
2026-07-24 08:00:00+00:00,9512.621799997349,-0.06320432064287052
2026-07-24 12:00:00+00:00,9512.621799997349,-0.06320432064287052
2026-07-24 16:00:00+00:00,9512.621799997349,-0.06320432064287052
2026-07-24 20:00:00+00:00,9512.621799997349,-0.06320432064287052
2026-07-25 00:00:00+00:00,9512.621799997349,-0.06320432064287052
2026-07-25 04:00:00+00:00,9512.621799997349,-0.06320432064287052
2026-07-25 08:00:00+00:00,9512.621799997349,-0.06320432064287052
2026-07-25 12:00:00+00:00,9512.621799997349,-0.06320432064287052
2026-07-25 16:00:00+00:00,9503.919155751955,-0.06406135035554861
2026-07-25 20:00:00+00:00,9506.180107511738,-0.0638386935649885
2026-07-26 00:00:00+00:00,9466.697048877566,-0.06772695481556268
2026-07-26 04:00:00+00:00,9466.697048877566,-0.06772695481556268
2026-07-26 08:00:00+00:00,9466.697048877566,-0.06772695481556268
2026-07-26 12:00:00+00:00,9466.697048877566,-0.06772695481556268
2026-07-26 16:00:00+00:00,9466.697048877566,-0.06772695481556268
2026-07-26 20:00:00+00:00,9466.697048877566,-0.06772695481556268
2026-07-27 00:00:00+00:00,9462.053035291581,-0.06818429370211732
2026-07-27 04:00:00+00:00,9505.873346291966,-0.06386890317400251
2026-07-27 08:00:00+00:00,9491.911576007196,-0.06524384757460433
2026-07-27 12:00:00+00:00,9388.2556310543,-0.07545180531887008
2026-07-27 16:00:00+00:00,9386.11109636477,-0.07566299744588012
2026-07-27 20:00:00+00:00,9337.62488680346,-0.0804378820760514
2026-07-28 00:00:00+00:00,9337.62488680346,-0.0804378820760514
2026-07-28 04:00:00+00:00,9337.62488680346,-0.0804378820760514
2026-07-28 08:00:00+00:00,9337.62488680346,-0.0804378820760514
2026-07-28 12:00:00+00:00,9337.62488680346,-0.0804378820760514
2026-07-28 16:00:00+00:00,9333.750663116536,-0.0808194126453392
2026-07-28 20:00:00+00:00,9332.916903636671,-0.08090152063772893
2026-07-29 00:00:00+00:00,9345.1936329961,-0.07969251777160502
2026-07-29 04:00:00+00:00,9280.036960466832,-0.08610909677474832
2026-07-29 08:00:00+00:00,9280.036960466832,-0.08610909677474832
2026-07-29 12:00:00+00:00,9280.036960466832,-0.08610909677474832
2026-07-29 16:00:00+00:00,9280.036960466832,-0.08610909677474832
2026-07-29 20:00:00+00:00,9280.036960466832,-0.08610909677474832
2026-07-30 00:00:00+00:00,9278.610654242824,-0.08624955831481407
2026-07-30 04:00:00+00:00,9270.899631267992,-0.08700893392735531
2026-07-30 08:00:00+00:00,9270.899631267992,-0.08700893392735531
2026-07-30 12:00:00+00:00,9270.899631267992,-0.08700893392735531
2026-07-30 16:00:00+00:00,9270.899631267992,-0.08700893392735531
2026-07-30 20:00:00+00:00,9270.899631267992,-0.08700893392735531
2026-07-31 00:00:00+00:00,9270.899631267992,-0.08700893392735531
2026-07-31 04:00:00+00:00,9270.899631267992,-0.08700893392735531
2026-07-31 08:00:00+00:00,9270.899631267992,-0.08700893392735531
2026-07-31 12:00:00+00:00,9270.899631267992,-0.08700893392735531
2026-07-31 16:00:00+00:00,9270.899631267992,-0.08700893392735531
2026-07-31 20:00:00+00:00,9270.899631267992,-0.08700893392735531
2026-08-01 00:00:00+00:00,9268.420740439726,-0.08725305318977761
2026-08-01 04:00:00+00:00,9268.288195777855,-0.0872661060861476
2026-08-01 08:00:00+00:00,9263.483451785083,-0.08773927357955591
2026-08-01 12:00:00+00:00,9268.768670177134,-0.0872187893368066
2026-08-01 16:00:00+00:00,9209.789975595912,-0.09302696582268655
2026-08-01 20:00:00+00:00,9209.789975595912,-0.09302696582268655
2026-08-02 00:00:00+00:00,9209.789975595912,-0.09302696582268655
2026-08-02 04:00:00+00:00,9209.789975595912,-0.09302696582268655
2026-08-02 08:00:00+00:00,9209.789975595912,-0.09302696582268655
2026-08-02 12:00:00+00:00,9200.65105145504,-0.09392696004395829
2026-08-02 16:00:00+00:00,9128.65825364941,-0.1010167554071214
2026-08-02 20:00:00+00:00,9128.65825364941,-0.1010167554071214
2026-08-03 00:00:00+00:00,9128.65825364941,-0.1010167554071214
2026-08-03 04:00:00+00:00,9128.65825364941,-0.1010167554071214
2026-08-03 08:00:00+00:00,9128.65825364941,-0.1010167554071214
2026-08-03 12:00:00+00:00,9128.65825364941,-0.1010167554071214
2026-08-03 16:00:00+00:00,9128.65825364941,-0.1010167554071214
2026-08-03 20:00:00+00:00,9128.65825364941,-0.1010167554071214
2026-08-04 00:00:00+00:00,9128.65825364941,-0.1010167554071214
2026-08-04 04:00:00+00:00,9128.65825364941,-0.1010167554071214
2026-08-04 08:00:00+00:00,9128.65825364941,-0.1010167554071214
2026-08-04 12:00:00+00:00,9128.65825364941,-0.1010167554071214
2026-08-04 16:00:00+00:00,9128.65825364941,-0.1010167554071214
2026-08-04 20:00:00+00:00,9128.65825364941,-0.1010167554071214
2026-08-05 00:00:00+00:00,9128.65825364941,-0.1010167554071214
2026-08-05 04:00:00+00:00,9128.65825364941,-0.1010167554071214
2026-08-05 08:00:00+00:00,9128.65825364941,-0.1010167554071214
2026-08-05 12:00:00+00:00,9124.257680113813,-0.1014501205047269
2026-08-05 16:00:00+00:00,9162.888208754046,-0.09764581575233333
2026-08-05 20:00:00+00:00,9145.325606079476,-0.09937536735752894
2026-08-06 00:00:00+00:00,9150.739775674225,-0.0988421840995054
2026-08-06 04:00:00+00:00,9156.930212851421,-0.09823255460693692
2026-08-06 08:00:00+00:00,9143.573014071266,-0.09954796127069887
2026-08-06 12:00:00+00:00,9135.079919569573,-0.10038435468576767
2026-08-06 16:00:00+00:00,9104.698837330712,-0.10337626030063884
2026-08-06 20:00:00+00:00,9094.175516349698,-0.10441258885808291
2026-08-07 00:00:00+00:00,9099.890473607487,-0.10384978426231839
2026-08-07 04:00:00+00:00,9096.512693755094,-0.1041824254245628
2026-08-07 08:00:00+00:00,9190.177027772763,-0.09495843384133384
2026-08-07 12:00:00+00:00,9129.58870794297,-0.10092512498384021
2026-08-07 16:00:00+00:00,9140.091855179135,-0.09989078312127475
2026-08-07 20:00:00+00:00,9124.565235620068,-0.10141983267499077
2026-08-08 00:00:00+00:00,9147.083615691792,-0.09920223992287291
2026-08-08 04:00:00+00:00,9131.381288311355,-0.10074859304771266
2026-08-08 08:00:00+00:00,9143.795486959987,-0.09952605231170619
2026-08-08 12:00:00+00:00,9162.405795070023,-0.09769332348094462
2026-08-08 16:00:00+00:00,9157.37951840463,-0.09818830734158701
2026-08-08 20:00:00+00:00,9128.280425089419,-0.10105396367314723
2026-08-09 00:00:00+00:00,9087.728419037592,-0.10504749404335767
2026-08-09 04:00:00+00:00,9123.657048755154,-0.10150927021902312
2026-08-09 08:00:00+00:00,9142.144470928419,-0.0996886431008116
2026-08-09 12:00:00+00:00,9225.942097911979,-0.09143631723849244
2026-08-09 16:00:00+00:00,9191.124890357514,-0.09486508906292379
2026-08-09 20:00:00+00:00,9072.310136246379,-0.10656587467548995
2026-08-10 00:00:00+00:00,9083.25745890288,-0.10548779075911441
2026-08-10 04:00:00+00:00,9113.303381021047,-0.10252889145518052
2026-08-10 08:00:00+00:00,9102.855643967001,-0.10355777656562315
2026-08-10 12:00:00+00:00,9034.7106524857,-0.11026864292105087
2026-08-10 16:00:00+00:00,9034.7106524857,-0.11026864292105087
2026-08-10 20:00:00+00:00,9034.7106524857,-0.11026864292105087
2026-08-11 00:00:00+00:00,9034.7106524857,-0.11026864292105087
2026-08-11 04:00:00+00:00,9034.7106524857,-0.11026864292105087
2026-08-11 08:00:00+00:00,9034.7106524857,-0.11026864292105087
2026-08-11 12:00:00+00:00,9034.7106524857,-0.11026864292105087
2026-08-11 16:00:00+00:00,9034.7106524857,-0.11026864292105087
2026-08-11 20:00:00+00:00,9034.7106524857,-0.11026864292105087
2026-08-12 00:00:00+00:00,9031.360783775497,-0.11059853541547693
2026-08-12 04:00:00+00:00,9012.541711918944,-0.11245182313944957
2026-08-12 08:00:00+00:00,8888.229241399571,-0.12469401963598137
2026-08-12 12:00:00+00:00,8888.229241399571,-0.12469401963598137
2026-08-12 16:00:00+00:00,8882.233535352323,-0.12528447215662708
2026-08-12 20:00:00+00:00,8875.274232348358,-0.12596981896453374
2026-08-13 00:00:00+00:00,8849.516402976315,-0.1285064301925083
2026-08-13 04:00:00+00:00,8849.516402976315,-0.1285064301925083
2026-08-13 08:00:00+00:00,8849.516402976315,-0.1285064301925083
2026-08-13 12:00:00+00:00,8849.516402976315,-0.1285064301925083
2026-08-13 16:00:00+00:00,8849.516402976315,-0.1285064301925083
2026-08-13 20:00:00+00:00,8849.516402976315,-0.1285064301925083
2026-08-14 00:00:00+00:00,8849.516402976315,-0.1285064301925083
2026-08-14 04:00:00+00:00,8849.516402976315,-0.1285064301925083
2026-08-14 08:00:00+00:00,8849.516402976315,-0.1285064301925083
2026-08-14 12:00:00+00:00,8849.516402976315,-0.1285064301925083
2026-08-14 16:00:00+00:00,8849.516402976315,-0.1285064301925083
2026-08-14 20:00:00+00:00,8849.516402976315,-0.1285064301925083
2026-08-15 00:00:00+00:00,8849.516402976315,-0.1285064301925083
2026-08-15 04:00:00+00:00,8849.516402976315,-0.1285064301925083
2026-08-15 08:00:00+00:00,8849.516402976315,-0.1285064301925083
2026-08-15 12:00:00+00:00,8849.516402976315,-0.1285064301925083
2026-08-15 16:00:00+00:00,8849.516402976315,-0.1285064301925083
2026-08-15 20:00:00+00:00,8849.516402976315,-0.1285064301925083
2026-08-16 00:00:00+00:00,8840.514952852081,-0.12939288607834332
2026-08-16 04:00:00+00:00,8852.811730808451,-0.12818190884181058
2026-08-16 08:00:00+00:00,8852.206007892211,-0.12824155996878184
2026-08-16 12:00:00+00:00,8800.713239713166,-0.13331252817948913
2026-08-16 16:00:00+00:00,8807.41247015098,-0.1326527931178929
2026-08-16 20:00:00+00:00,8835.664141913883,-0.12987059020911018
2026-08-17 00:00:00+00:00,8835.664141913883,-0.12987059020911018
2026-08-17 04:00:00+00:00,8835.664141913883,-0.12987059020911018
2026-08-17 08:00:00+00:00,8835.664141913883,-0.12987059020911018
2026-08-17 12:00:00+00:00,8835.664141913883,-0.12987059020911018
2026-08-17 16:00:00+00:00,8835.664141913883,-0.12987059020911018
2026-08-17 20:00:00+00:00,8835.664141913883,-0.12987059020911018
2026-08-18 00:00:00+00:00,8835.664141913883,-0.12987059020911018
2026-08-18 04:00:00+00:00,8835.664141913883,-0.12987059020911018
2026-08-18 08:00:00+00:00,8835.664141913883,-0.12987059020911018
2026-08-18 12:00:00+00:00,8828.557123165325,-0.13057048394994641
2026-08-18 16:00:00+00:00,8799.550435283683,-0.13342704026547125
2026-08-18 20:00:00+00:00,8810.80251024287,-0.1323189445766917
2026-08-19 00:00:00+00:00,8746.230462930735,-0.13867795013804685
2026-08-19 04:00:00+00:00,8753.339709401367,-0.13797783701285404
2026-08-19 08:00:00+00:00,8830.306838068249,-0.1303981733718924
2026-08-19 12:00:00+00:00,10372.610483413191,0.0
2026-08-19 16:00:00+00:00,10404.207620237661,0.0
2026-08-19 20:00:00+00:00,11214.708778712002,0.0
2026-08-20 00:00:00+00:00,11173.768524490002,-0.00365058558628939
2026-08-20 04:00:00+00:00,11331.26059791217,0.0
2026-08-20 08:00:00+00:00,12032.262606816548,0.0
2026-08-20 12:00:00+00:00,12283.751649621288,0.0
2026-08-20 16:00:00+00:00,12328.492687335685,0.0
2026-08-20 20:00:00+00:00,12423.88881526125,0.0
2026-08-21 00:00:00+00:00,12850.306662007015,0.0
2026-08-21 04:00:00+00:00,13418.315549335102,0.0
2026-08-21 08:00:00+00:00,13517.098799611997,0.0
2026-08-21 12:00:00+00:00,13731.799129212299,0.0
2026-08-21 16:00:00+00:00,13760.654983519518,0.0
2026-08-21 20:00:00+00:00,14485.970321255227,0.0
2026-08-22 00:00:00+00:00,14499.3991582174,0.0
2026-08-22 04:00:00+00:00,13894.721587584274,-0.04170362951146367
2026-08-22 08:00:00+00:00,13854.940611391046,-0.04444725879976297
2026-08-22 12:00:00+00:00,13811.664819201973,-0.04743191986860096
2026-08-22 16:00:00+00:00,13882.336574906069,-0.042557803711584685
2026-08-22 20:00:00+00:00,13827.120546577065,-0.04636596346541211
2026-08-23 00:00:00+00:00,13803.46894129318,-0.047997176250562656
2026-08-23 04:00:00+00:00,13655.386668417597,-0.058210169993248795
2026-08-23 08:00:00+00:00,13865.09081375694,-0.04374721583555907
2026-08-23 12:00:00+00:00,13840.179912475689,-0.045465280219429305
2026-08-23 16:00:00+00:00,13870.718242485915,-0.04335910122007958
2026-08-23 20:00:00+00:00,13933.118530355452,-0.03905545475937977
2026-08-24 00:00:00+00:00,13804.297213884043,-0.04794005163582349
2026-08-24 04:00:00+00:00,13864.468403091574,-0.04379014248779989
2026-08-24 08:00:00+00:00,14047.251276783498,-0.03118390469150245
2026-08-24 12:00:00+00:00,14152.8134122665,-0.023903455734196832
2026-08-24 16:00:00+00:00,14097.808070751871,-0.027697084760780033
2026-08-24 20:00:00+00:00,14135.562826228492,-0.025093200622917422
2026-08-25 00:00:00+00:00,14376.044937725708,-0.008507540150157311
2026-08-25 04:00:00+00:00,14250.240785099842,-0.017184048138736085
2026-08-25 08:00:00+00:00,14155.705129001197,-0.02370401872972905
2026-08-25 12:00:00+00:00,14217.466923242438,-0.019444408137090252
2026-08-25 16:00:00+00:00,14124.819406991694,-0.025834156790794816
2026-08-25 20:00:00+00:00,14062.608898084723,-0.030124714504816574
2026-08-26 00:00:00+00:00,14150.98156278885,-0.02402979541611483
2026-08-26 04:00:00+00:00,14122.40861373196,-0.026000425284642636
2026-08-26 08:00:00+00:00,14035.620523489917,-0.03198605884745509
2026-08-26 12:00:00+00:00,13929.089257864081,-0.039333347135981245
2026-08-26 16:00:00+00:00,13927.086355755458,-0.039471484039915516
2026-08-26 20:00:00+00:00,13944.574383750554,-0.03826536316523188
2026-08-27 00:00:00+00:00,13938.415967004825,-0.03869009916142929
2026-08-27 04:00:00+00:00,13946.437825539986,-0.03813684461290445
2026-08-27 08:00:00+00:00,13959.053218003522,-0.03726678149333118
2026-08-27 12:00:00+00:00,13985.3573479531,-0.0354526283920511
2026-08-27 16:00:00+00:00,13972.849449478443,-0.0363152778258774
2026-08-27 20:00:00+00:00,13983.675082975788,-0.0355686514740392
2026-08-28 00:00:00+00:00,13969.669286068543,-0.036534608528839496
2026-08-28 04:00:00+00:00,13964.869057467182,-0.036865672495627444
2026-08-28 08:00:00+00:00,13963.086953859249,-0.03698858128574256
2026-08-28 12:00:00+00:00,13922.481657762954,-0.039789062578326484
2026-08-28 16:00:00+00:00,13906.541718781515,-0.04088841426921397
2026-08-28 20:00:00+00:00,13906.541718781515,-0.04088841426921397
2026-08-29 00:00:00+00:00,13906.541718781515,-0.04088841426921397
2026-08-29 04:00:00+00:00,13906.541718781515,-0.04088841426921397
2026-08-29 08:00:00+00:00,13906.541718781515,-0.04088841426921397
2026-08-29 12:00:00+00:00,13906.541718781515,-0.04088841426921397
2026-08-29 16:00:00+00:00,13906.541718781515,-0.04088841426921397
2026-08-29 20:00:00+00:00,13906.541718781515,-0.04088841426921397
2026-08-30 00:00:00+00:00,13906.541718781515,-0.04088841426921397
2026-08-30 04:00:00+00:00,13906.541718781515,-0.04088841426921397
2026-08-30 08:00:00+00:00,13906.541718781515,-0.04088841426921397
2026-08-30 12:00:00+00:00,13906.541718781515,-0.04088841426921397
2026-08-30 16:00:00+00:00,13906.541718781515,-0.04088841426921397
2026-08-30 20:00:00+00:00,13906.541718781515,-0.04088841426921397
2026-08-31 00:00:00+00:00,13906.541718781515,-0.04088841426921397
2026-08-31 04:00:00+00:00,13906.541718781515,-0.04088841426921397
2026-08-31 08:00:00+00:00,13906.541718781515,-0.04088841426921397
2026-08-31 12:00:00+00:00,13906.541718781515,-0.04088841426921397
2026-08-31 16:00:00+00:00,13906.541718781515,-0.04088841426921397
2026-08-31 20:00:00+00:00,13906.541718781515,-0.04088841426921397
2026-09-01 00:00:00+00:00,13906.541718781515,-0.04088841426921397
2026-09-01 04:00:00+00:00,13906.541718781515,-0.04088841426921397
2026-09-01 08:00:00+00:00,13906.541718781515,-0.04088841426921397
2026-09-01 12:00:00+00:00,13906.541718781515,-0.04088841426921397
2026-09-01 16:00:00+00:00,13906.541718781515,-0.04088841426921397
2026-09-01 20:00:00+00:00,13906.541718781515,-0.04088841426921397
2026-09-02 00:00:00+00:00,13904.472562685609,-0.04103112060299563
2026-09-02 04:00:00+00:00,13900.743916886979,-0.04128827924508438
2026-09-02 08:00:00+00:00,13939.337543802689,-0.03862653950714234
2026-09-02 12:00:00+00:00,13929.58734932926,-0.03929899457697217
2026-09-02 16:00:00+00:00,13927.433734945567,-0.03944752586162692
2026-09-02 20:00:00+00:00,13926.529543923796,-0.03950988644718667
2026-09-03 00:00:00+00:00,13926.529543923796,-0.03950988644718667
2026-09-03 04:00:00+00:00,13926.529543923796,-0.03950988644718667
2026-09-03 08:00:00+00:00,13922.45650212899,-0.0397907975215257
2026-09-03 12:00:00+00:00,13809.56940925022,-0.04757643688816071
2026-09-03 16:00:00+00:00,13823.721841635695,-0.04660036662269351
2026-09-03 20:00:00+00:00,13775.544426055243,-0.0499230846922315
2026-09-04 00:00:00+00:00,13733.278980519535,-0.05283806379408995
2026-09-04 04:00:00+00:00,13711.752699433171,-0.054322696422757444
2026-09-04 08:00:00+00:00,13803.517573782841,-0.04799382214677317
2026-09-04 12:00:00+00:00,13514.262042899085,-0.06794330610313593
2026-09-04 16:00:00+00:00,13526.081544458175,-0.06712813428600639
2026-09-04 20:00:00+00:00,13521.776961282745,-0.06742501439313764
2026-09-05 00:00:00+00:00,13519.219278422906,-0.06760141362402494
2026-09-05 04:00:00+00:00,13523.374173671667,-0.06731485724996955
2026-09-05 08:00:00+00:00,13520.105067281816,-0.06754032220573625
2026-09-05 12:00:00+00:00,13523.935615826937,-0.06727613549680289
2026-09-05 16:00:00+00:00,13545.073976751071,-0.06581825709139633
2026-09-05 20:00:00+00:00,13551.197354755303,-0.06539593766026597
2026-09-06 00:00:00+00:00,13595.688823580735,-0.062327433349160244
2026-09-06 04:00:00+00:00,13571.700798141026,-0.0639818484858119
2026-09-06 08:00:00+00:00,13570.404241798613,-0.06407126986998546
2026-09-06 12:00:00+00:00,13498.036043958953,-0.06906238688455812
2026-09-06 16:00:00+00:00,13524.599369405676,-0.06723035749100437
2026-09-06 20:00:00+00:00,13572.477970064352,-0.06392824820107967
2026-09-07 00:00:00+00:00,13526.121785232386,-0.06712535894519589
2026-09-07 04:00:00+00:00,13501.760988200853,-0.06880548353282245
2026-09-07 08:00:00+00:00,13501.501145975884,-0.06882340442886326
2026-09-07 12:00:00+00:00,13477.179913718892,-0.07050080029827821
2026-09-07 16:00:00+00:00,13510.374757958538,-0.06821140582907137
2026-09-07 20:00:00+00:00,13502.813349211972,-0.06873290390385745
2026-09-08 00:00:00+00:00,13497.460599377633,-0.0691020743622971
2026-09-08 04:00:00+00:00,13489.132656067413,-0.06967643908040344
2026-09-08 08:00:00+00:00,13482.805497889447,-0.07011281289899574
2026-09-08 12:00:00+00:00,13459.567821404766,-0.07171547768745434
2026-09-08 16:00:00+00:00,13459.567821404766,-0.07171547768745434
2026-09-08 20:00:00+00:00,13459.567821404766,-0.07171547768745434
2026-09-09 00:00:00+00:00,13459.567821404766,-0.07171547768745434
2026-09-09 04:00:00+00:00,13459.567821404766,-0.07171547768745434
2026-09-09 08:00:00+00:00,13459.567821404766,-0.07171547768745434
2026-09-09 12:00:00+00:00,13459.567821404766,-0.07171547768745434
2026-09-09 16:00:00+00:00,13459.567821404766,-0.07171547768745434
2026-09-09 20:00:00+00:00,13459.567821404766,-0.07171547768745434
2026-09-10 00:00:00+00:00,13459.567821404766,-0.07171547768745434
2026-09-10 04:00:00+00:00,13459.567821404766,-0.07171547768745434
2026-09-10 08:00:00+00:00,13459.567821404766,-0.07171547768745434
2026-09-10 12:00:00+00:00,13459.567821404766,-0.07171547768745434
2026-09-10 16:00:00+00:00,13459.567821404766,-0.07171547768745434
2026-09-10 20:00:00+00:00,13459.567821404766,-0.07171547768745434
2026-09-11 00:00:00+00:00,13459.567821404766,-0.07171547768745434
2026-09-11 04:00:00+00:00,13459.567821404766,-0.07171547768745434
2026-09-11 08:00:00+00:00,13459.567821404766,-0.07171547768745434
2026-09-11 12:00:00+00:00,13459.567821404766,-0.07171547768745434
2026-09-11 16:00:00+00:00,13459.567821404766,-0.07171547768745434
2026-09-11 20:00:00+00:00,13459.567821404766,-0.07171547768745434
2026-09-12 00:00:00+00:00,13459.567821404766,-0.07171547768745434
2026-09-12 04:00:00+00:00,13459.567821404766,-0.07171547768745434
2026-09-12 08:00:00+00:00,13457.671917658252,-0.07184623508821464
2026-09-12 12:00:00+00:00,13456.653577167961,-0.07191646837713772
2026-09-12 16:00:00+00:00,13442.219301411082,-0.07291197692196594
2026-09-12 20:00:00+00:00,13448.105122593497,-0.07250604139883221
2026-09-13 00:00:00+00:00,13443.331067634426,-0.07283530021204065
2026-09-13 04:00:00+00:00,13440.640406522465,-0.07302087073690178
2026-09-13 08:00:00+00:00,13397.179364463764,-0.07601830818823718
2026-09-13 12:00:00+00:00,13397.179364463764,-0.07601830818823718
2026-09-13 16:00:00+00:00,13370.925770414826,-0.07782897591056537
2026-09-13 20:00:00+00:00,13558.642538424656,-0.0648824554402021
2026-09-14 00:00:00+00:00,13211.907084711595,-0.08879623627549638
2026-09-14 04:00:00+00:00,13211.907084711595,-0.08879623627549638
2026-09-14 08:00:00+00:00,13211.907084711595,-0.08879623627549638
2026-09-14 12:00:00+00:00,13211.907084711595,-0.08879623627549638
2026-09-14 16:00:00+00:00,13211.907084711595,-0.08879623627549638
2026-09-14 20:00:00+00:00,13211.907084711595,-0.08879623627549638
2026-09-15 00:00:00+00:00,13211.907084711595,-0.08879623627549638
2026-09-15 04:00:00+00:00,13211.907084711595,-0.08879623627549638
2026-09-15 08:00:00+00:00,13211.907084711595,-0.08879623627549638
2026-09-15 12:00:00+00:00,13211.907084711595,-0.08879623627549638
2026-09-15 16:00:00+00:00,13208.765618668218,-0.0890128980839684
2026-09-15 20:00:00+00:00,13236.706827969196,-0.08708583827989769
2026-09-16 00:00:00+00:00,13227.451689028596,-0.08772415017403945
2026-09-16 04:00:00+00:00,13224.299068122145,-0.08794158131529217
2026-09-16 08:00:00+00:00,13150.640691922425,-0.09302167983495924
2026-09-16 12:00:00+00:00,13219.48107836289,-0.08827387024028022
2026-09-16 16:00:00+00:00,13162.640263858779,-0.09219408885650449
2026-09-16 20:00:00+00:00,13135.871921855764,-0.0940402579088162
2026-09-17 00:00:00+00:00,13085.970050750702,-0.09748190887383423
2026-09-17 04:00:00+00:00,13076.296116485915,-0.09814910440098856
2026-09-17 08:00:00+00:00,13074.742766318923,-0.09825623643798143
2026-09-17 12:00:00+00:00,13003.749693881895,-0.10315251328796338
2026-09-17 16:00:00+00:00,13003.749693881895,-0.10315251328796338
2026-09-17 20:00:00+00:00,13003.749693881895,-0.10315251328796338
2026-09-18 00:00:00+00:00,13003.749693881895,-0.10315251328796338
2026-09-18 04:00:00+00:00,13003.749693881895,-0.10315251328796338
2026-09-18 08:00:00+00:00,13003.749693881895,-0.10315251328796338
2026-09-18 12:00:00+00:00,13003.749693881895,-0.10315251328796338
2026-09-18 16:00:00+00:00,12998.914517663652,-0.10348598753510163
2026-09-18 20:00:00+00:00,12963.61512585155,-0.1059205292307206
2026-09-19 00:00:00+00:00,12982.259473276503,-0.1046346588838526
2026-09-19 04:00:00+00:00,12978.913470931177,-0.10486542722872094
2026-09-19 08:00:00+00:00,13028.198929340306,-0.10146628924573786
2026-09-19 12:00:00+00:00,13071.031372749618,-0.09851220522184656
2026-09-19 16:00:00+00:00,13024.912989767497,-0.10169291515878098
2026-09-19 20:00:00+00:00,13008.15063710737,-0.10284898738475512
2026-09-20 00:00:00+00:00,12806.877624347366,-0.11673046002811871
2026-09-20 04:00:00+00:00,12774.732608445305,-0.11894744954273895
2026-09-20 08:00:00+00:00,12800.737887133006,-0.11715390772738976
2026-09-20 12:00:00+00:00,12911.37660633657,-0.10952333503977185
2026-09-20 16:00:00+00:00,12959.45576224063,-0.10620739378045341
2026-09-20 20:00:00+00:00,12964.476570575618,-0.10586111678785526
2026-09-21 00:00:00+00:00,12993.133806065489,-0.10388467382100097
2026-09-21 04:00:00+00:00,13003.882832477871,-0.10314333093533457
2026-09-21 08:00:00+00:00,13207.99757055271,-0.08906586911450054
2026-09-21 12:00:00+00:00,13282.283731453093,-0.08394247330411053
2026-09-21 16:00:00+00:00,13314.691217893136,-0.08170738162297175
2026-09-21 20:00:00+00:00,13332.542501681111,-0.08047620758650431
2026-09-22 00:00:00+00:00,13258.354008827695,-0.08559286739039484
2026-09-22 04:00:00+00:00,13230.795073626095,-0.08749356237098527
2026-09-22 08:00:00+00:00,13274.898385603055,-0.08445182860700617
2026-09-22 12:00:00+00:00,13296.517118116766,-0.08296081975361802
2026-09-22 16:00:00+00:00,13290.231300743111,-0.08339434236411125
2026-09-22 20:00:00+00:00,13291.15309369572,-0.0833307678019829
2026-09-23 00:00:00+00:00,13371.747648860342,-0.077772292289641
2026-09-23 04:00:00+00:00,13265.17932041972,-0.08512213674027991
2026-09-23 08:00:00+00:00,13195.735157527073,-0.089911587815795
2026-09-23 12:00:00+00:00,12967.827590681412,-0.1056300023762008
2026-09-23 16:00:00+00:00,12953.7759199141,-0.10659912327658994
2026-09-23 20:00:00+00:00,12954.208476785689,-0.10656929053201414
2026-09-24 00:00:00+00:00,12944.059877015929,-0.10726922296776675
2026-09-24 04:00:00+00:00,12953.572175812773,-0.1066131751761965
2026-09-24 08:00:00+00:00,12935.898573579056,-0.10783209480457989
2026-09-24 12:00:00+00:00,12935.898573579056,-0.10783209480457989
2026-09-24 16:00:00+00:00,12934.392038525597,-0.1079359980792618
2026-09-24 20:00:00+00:00,12928.178701044044,-0.10836452186936874
2026-09-25 00:00:00+00:00,12919.357266396606,-0.10897292188313334
2026-09-25 04:00:00+00:00,12916.384224587266,-0.10917796774585486
2026-09-25 08:00:00+00:00,12923.305499847975,-0.10870061863744118
2026-09-25 12:00:00+00:00,12887.818809120261,-0.11114807803492954
2026-09-25 16:00:00+00:00,12895.14347886526,-0.11064290746440641
2026-09-25 20:00:00+00:00,12892.228371746753,-0.1108439576656387
2026-09-26 00:00:00+00:00,12892.228371746753,-0.1108439576656387
2026-09-26 04:00:00+00:00,12892.228371746753,-0.1108439576656387
2026-09-26 08:00:00+00:00,12892.228371746753,-0.1108439576656387
2026-09-26 12:00:00+00:00,12892.228371746753,-0.1108439576656387
2026-09-26 16:00:00+00:00,12892.228371746753,-0.1108439576656387
2026-09-26 20:00:00+00:00,12892.228371746753,-0.1108439576656387
2026-09-27 00:00:00+00:00,12892.228371746753,-0.1108439576656387
2026-09-27 04:00:00+00:00,12892.228371746753,-0.1108439576656387
2026-09-27 08:00:00+00:00,12892.228371746753,-0.1108439576656387
2026-09-27 12:00:00+00:00,12892.228371746753,-0.1108439576656387
2026-09-27 16:00:00+00:00,12892.228371746753,-0.1108439576656387
2026-09-27 20:00:00+00:00,12892.228371746753,-0.1108439576656387
2026-09-28 00:00:00+00:00,12892.228371746753,-0.1108439576656387
2026-09-28 04:00:00+00:00,12892.228371746753,-0.1108439576656387
2026-09-28 08:00:00+00:00,12892.228371746753,-0.1108439576656387
2026-09-28 12:00:00+00:00,12892.228371746753,-0.1108439576656387
2026-09-28 16:00:00+00:00,12892.228371746753,-0.1108439576656387
2026-09-28 20:00:00+00:00,12892.228371746753,-0.1108439576656387
2026-09-29 00:00:00+00:00,12892.228371746753,-0.1108439576656387
2026-09-29 04:00:00+00:00,12892.228371746753,-0.1108439576656387
2026-09-29 08:00:00+00:00,12892.228371746753,-0.1108439576656387
2026-09-29 12:00:00+00:00,12888.023885907594,-0.11113393422213458
2026-09-29 16:00:00+00:00,12854.737657315938,-0.11342963132160999
2026-09-29 20:00:00+00:00,12850.330163501356,-0.11373360900830498
2026-09-30 00:00:00+00:00,12870.902638552787,-0.11231475883203601
2026-09-30 04:00:00+00:00,12866.905087772695,-0.1125904634137549
2026-09-30 08:00:00+00:00,12802.545370900576,-0.1170292485089045
2026-09-30 12:00:00+00:00,12721.43889653486,-0.12262303025673293
2026-09-30 16:00:00+00:00,12719.198588638992,-0.12277754065205493
2026-09-30 20:00:00+00:00,12701.99198368032,-0.12396425223719809
2026-10-01 00:00:00+00:00,12691.4372003947,-0.12469219849003577
2026-10-01 04:00:00+00:00,12710.941516625287,-0.12334701749199872
2026-10-01 08:00:00+00:00,12680.431268320524,-0.1254512597417523
2026-10-01 12:00:00+00:00,12705.475272001222,-0.12372401550166912
2026-10-01 16:00:00+00:00,12686.579482043562,-0.12502722743145112
2026-10-01 20:00:00+00:00,12676.251047232628,-0.1257395627977811
2026-10-02 00:00:00+00:00,12700.407273508896,-0.1240735471227401
2026-10-02 04:00:00+00:00,12735.602193410292,-0.12164621068504711
2026-10-02 08:00:00+00:00,12758.626043791679,-0.12005829313548866
2026-10-02 12:00:00+00:00,12676.940502086385,-0.12569201221680648
