run_time,live_start,latest_bar,total_return,final_equity,max_drawdown,sharpe,num_live_trades,new_trades,trend_pos_BTC,trend_pos_ETH,sleeve_pos_BTC,sleeve_pos_ETH,market_regime,live_elapsed,recent_trade_hold
2026-03-08 17:34 UTC,2026-03-08 16:00:00+00:00,2026-03-08 16:00:00+00:00,0.0,10000.0,0.0,0.0,0,0,FLAT,FLAT,SHORT,SHORT,STRONG_TREND_BEAR,,
2026-03-08 20:38 UTC,2026-03-08 16:00:00+00:00,2026-03-08 20:00:00+00:00,-0.001707,9982.93,-0.001707,0.0,0,0,FLAT,FLAT,SHORT,SHORT,STRONG_TREND_BEAR,,
2026-03-09 03:12 UTC,2026-03-08 16:00:00+00:00,2026-03-09 00:00:00+00:00,-0.003859,9961.41,-0.016663,-3.817564,1,1,FLAT,FLAT,SHORT,FLAT,STRONG_TREND_BEAR,,
2026-03-09 05:23 UTC,2026-03-08 16:00:00+00:00,2026-03-09 04:00:00+00:00,-0.003719,9962.81,-0.016635,-3.528045,1,0,FLAT,FLAT,SHORT,FLAT,STRONG_TREND_BEAR,,
2026-03-09 08:59 UTC,2026-03-08 16:00:00+00:00,2026-03-09 08:00:00+00:00,-0.007079,9929.21,-0.019952,-6.362126,2,1,FLAT,FLAT,FLAT,FLAT,STRONG_TREND_BEAR,,
2026-03-09 13:38 UTC,2026-03-08 16:00:00+00:00,2026-03-09 12:00:00+00:00,-0.006736,9932.64,-0.019516,-5.669347,2,0,FLAT,FLAT,FLAT,FLAT,STRONG_TREND_BEAR,,
2026-03-09 17:05 UTC,2026-03-08 16:00:00+00:00,2026-03-09 16:00:00+00:00,-0.006742,9932.58,-0.019532,-5.316474,2,0,FLAT,FLAT,FLAT,FLAT,STRONG_TREND_BEAR,,
2026-03-09 20:49 UTC,2026-03-08 16:00:00+00:00,2026-03-09 20:00:00+00:00,-0.006788,9932.12,-0.019664,-5.019204,2,0,FLAT,FLAT,FLAT,FLAT,STRONG_TREND_BEAR,,
2026-03-10 02:47 UTC,2026-03-08 16:00:00+00:00,2026-03-10 00:00:00+00:00,-0.006729,9932.71,-0.019497,-4.766939,2,0,FLAT,FLAT,FLAT,FLAT,STRONG_TREND_BEAR,,
2026-03-10 05:14 UTC,2026-03-08 16:00:00+00:00,2026-03-10 04:00:00+00:00,-0.006729,9932.71,-0.019497,-4.547838,2,0,FLAT,FLAT,FLAT,FLAT,STRONG_TREND,,
2026-03-10 08:58 UTC,2026-03-08 16:00:00+00:00,2026-03-10 08:00:00+00:00,-0.00672,9932.8,-0.019471,-4.356083,2,0,FLAT,FLAT,FLAT,FLAT,STRONG_TREND,,
2026-03-10 13:24 UTC,2026-03-08 16:00:00+00:00,2026-03-10 12:00:00+00:00,-0.006818,9931.82,-0.019523,-4.2656,3,1,LONG,FLAT,FLAT,FLAT,STRONG_TREND,,
2026-03-10 17:05 UTC,2026-03-08 16:00:00+00:00,2026-03-10 16:00:00+00:00,-0.006936,9930.64,-0.019626,-4.190505,3,0,LONG,FLAT,FLAT,FLAT,STRONG_TREND,,
2026-03-10 20:48 UTC,2026-03-08 16:00:00+00:00,2026-03-10 20:00:00+00:00,-0.008529,9914.71,-0.021461,-5.063387,3,0,LONG,FLAT,FLAT,FLAT,STRONG_TREND,,
2026-03-11 02:47 UTC,2026-03-08 16:00:00+00:00,2026-03-11 00:00:00+00:00,-0.009786,9902.14,-0.022487,-5.548002,3,0,LONG,FLAT,FLAT,FLAT,VOL_EXPAND,,
2026-03-11 05:15 UTC,2026-03-08 16:00:00+00:00,2026-03-11 04:00:00+00:00,-0.00912,9908.8,-0.022555,-5.020128,3,0,LONG,FLAT,FLAT,FLAT,VOL_EXPAND,,
2026-03-11 08:57 UTC,2026-03-08 16:00:00+00:00,2026-03-11 08:00:00+00:00,-0.009955,9900.45,-0.022649,-5.32297,3,0,LONG,FLAT,FLAT,FLAT,CHOP,,
2026-03-11 13:24 UTC,2026-03-08 16:00:00+00:00,2026-03-11 12:00:00+00:00,-0.008653,9913.47,-0.023173,-4.482767,3,0,LONG,FLAT,FLAT,FLAT,CHOP,,
2026-03-11 17:05 UTC,2026-03-08 16:00:00+00:00,2026-03-11 16:00:00+00:00,-0.007599,9924.01,-0.023423,-3.755339,3,0,LONG,FLAT,FLAT,FLAT,CHOP,,
2026-03-11 20:47 UTC,2026-03-08 16:00:00+00:00,2026-03-11 20:00:00+00:00,-0.008282,9917.18,-0.023423,-4.012266,3,0,LONG,FLAT,FLAT,FLAT,STRONG_TREND,,
2026-03-12 02:52 UTC,2026-03-08 16:00:00+00:00,2026-03-12 00:00:00+00:00,-0.010605,9893.95,-0.023423,-5.043888,4,1,FLAT,FLAT,FLAT,FLAT,STRONG_TREND,,
2026-03-12 08:58 UTC,2026-03-08 16:00:00+00:00,2026-03-12 08:00:00+00:00,-0.010323,9896.77,-0.02345,-4.693848,5,1,LONG,FLAT,FLAT,FLAT,STRONG_TREND,,
2026-03-12 13:24 UTC,2026-03-08 16:00:00+00:00,2026-03-12 12:00:00+00:00,-0.010925,9890.75,-0.023727,-4.853665,7,1,LONG,FLAT,FLAT,FLAT,STRONG_TREND,,
2026-03-12 17:08 UTC,2026-03-08 16:00:00+00:00,2026-03-12 16:00:00+00:00,-0.009632,9903.68,-0.023106,-4.272298,7,0,LONG,FLAT,FLAT,FLAT,CHOP,,
2026-03-12 20:50 UTC,2026-03-08 16:00:00+00:00,2026-03-12 20:00:00+00:00,-0.009954,9900.46,-0.023106,-4.335913,7,0,LONG,FLAT,FLAT,FLAT,CHOP,,
2026-03-13 02:50 UTC,2026-03-08 16:00:00+00:00,2026-03-13 00:00:00+00:00,-0.007868,9921.32,-0.023106,-3.328288,7,0,LONG,FLAT,FLAT,FLAT,CHOP,,
2026-03-13 05:17 UTC,2026-03-08 16:00:00+00:00,2026-03-13 04:00:00+00:00,-0.007928,9920.72,-0.023106,-3.291207,8,1,LONG,FLAT,FLAT,FLAT,STRONG_TREND,,
2026-03-13 08:55 UTC,2026-03-08 16:00:00+00:00,2026-03-13 08:00:00+00:00,-0.006479,9935.21,-0.02308,-2.626371,9,1,LONG,FLAT,FLAT,FLAT,STRONG_TREND,,
2026-03-13 13:22 UTC,2026-03-08 16:00:00+00:00,2026-03-13 12:00:00+00:00,-0.0015,9985.0,-0.023106,-0.51454,10,1,LONG,FLAT,FLAT,FLAT,STRONG_TREND,,
2026-03-13 16:55 UTC,2026-03-08 16:00:00+00:00,2026-03-13 16:00:00+00:00,-0.006306,9936.94,-0.023106,-2.444768,11,2,LONG,LONG,LONG,FLAT,STRONG_TREND,,
2026-03-13 20:51 UTC,2026-03-08 16:00:00+00:00,2026-03-13 20:00:00+00:00,-0.008369,9916.31,-0.02308,-3.180199,11,0,LONG,LONG,LONG,FLAT,STRONG_TREND,,
2026-03-14 02:48 UTC,2026-03-08 16:00:00+00:00,2026-03-14 00:00:00+00:00,-0.013985,9860.15,-0.026479,-5.307044,12,1,LONG,LONG,FLAT,FLAT,STRONG_TREND,,
2026-03-14 05:15 UTC,2026-03-08 16:00:00+00:00,2026-03-14 04:00:00+00:00,-0.011642,9883.58,-0.025153,-4.311573,13,1,LONG,LONG,FLAT,LONG,STRONG_TREND,,
2026-03-14 08:50 UTC,2026-03-08 16:00:00+00:00,2026-03-14 08:00:00+00:00,-0.016365,9836.35,-0.028874,-5.888601,14,1,FLAT,FLAT,FLAT,FLAT,STRONG_TREND,,
2026-03-14 13:13 UTC,2026-03-08 16:00:00+00:00,2026-03-14 12:00:00+00:00,-0.01648,9835.2,-0.028886,-5.889046,15,0,LONG,FLAT,FLAT,FLAT,STRONG_TREND,,
2026-03-14 16:46 UTC,2026-03-08 16:00:00+00:00,2026-03-14 16:00:00+00:00,-0.016987,9830.13,-0.029387,-5.994026,16,1,FLAT,FLAT,FLAT,FLAT,STRONG_TREND,,
2026-03-14 20:42 UTC,2026-03-08 16:00:00+00:00,2026-03-14 20:00:00+00:00,-0.016204,9837.96,-0.029387,-5.630332,16,0,LONG,LONG,FLAT,FLAT,STRONG_TREND,,
2026-03-15 03:29 UTC,2026-03-08 16:00:00+00:00,2026-03-15 00:00:00+00:00,-0.0141,9859.0,-0.029387,-4.773936,18,2,LONG,LONG,LONG,LONG,STRONG_TREND,,
2026-03-15 05:42 UTC,2026-03-08 16:00:00+00:00,2026-03-15 04:00:00+00:00,-0.009066,9909.34,-0.029387,-2.907309,18,0,LONG,LONG,LONG,LONG,STRONG_TREND,,
2026-03-15 08:51 UTC,2026-03-08 16:00:00+00:00,2026-03-15 08:00:00+00:00,-0.010176,9898.24,-0.029387,-3.298132,15,0,LONG,LONG,LONG,LONG,STRONG_TREND,,
2026-03-15 13:15 UTC,2026-03-08 16:00:00+00:00,2026-03-15 12:00:00+00:00,-0.015774,9842.26,-0.029387,-4.706686,18,1,LONG,LONG,LONG,FLAT,STRONG_TREND,,
2026-03-15 16:47 UTC,2026-03-08 16:00:00+00:00,2026-03-15 16:00:00+00:00,-0.016311,9836.89,-0.029387,-4.8265,19,1,LONG,LONG,FLAT,FLAT,STRONG_TREND,,
2026-03-15 20:44 UTC,2026-03-08 16:00:00+00:00,2026-03-15 20:00:00+00:00,-0.009937,9900.63,-0.029387,-2.812074,20,1,LONG,LONG,FLAT,FLAT,STRONG_TREND,,
2026-03-16 03:31 UTC,2026-03-08 16:00:00+00:00,2026-03-16 00:00:00+00:00,0.009478,10094.78,-0.029387,2.352324,21,0,LONG,LONG,FLAT,FLAT,STRONG_TREND,,
2026-03-16 05:55 UTC,2026-03-08 16:00:00+00:00,2026-03-16 04:00:00+00:00,0.025458,10254.58,-0.029387,5.384077,22,0,LONG,LONG,FLAT,FLAT,STRONG_TREND,,
2026-03-16 09:11 UTC,2026-03-08 16:00:00+00:00,2026-03-16 08:00:00+00:00,0.013088,10130.88,-0.02941,2.939883,23,1,LONG,LONG,LONG,FLAT,STRONG_TREND,,
2026-03-16 13:50 UTC,2026-03-08 16:00:00+00:00,2026-03-16 12:00:00+00:00,0.032904,10329.04,-0.02941,6.624694,24,1,LONG,LONG,LONG,LONG,STRONG_TREND,,
2026-03-16 17:15 UTC,2026-03-08 16:00:00+00:00,2026-03-16 16:00:00+00:00,0.031756,10317.56,-0.02941,6.174773,24,0,LONG,LONG,LONG,LONG,STRONG_TREND,,
2026-03-16 20:58 UTC,2026-03-08 16:00:00+00:00,2026-03-16 20:00:00+00:00,0.048364,10483.64,-0.02941,7.991388,24,0,LONG,LONG,LONG,LONG,STRONG_TREND,,
2026-03-17 02:52 UTC,2026-03-08 16:00:00+00:00,2026-03-17 00:00:00+00:00,0.066303,10663.03,-0.02941,9.937309,24,0,LONG,LONG,LONG,LONG,STRONG_TREND,,
2026-03-17 05:35 UTC,2026-03-08 16:00:00+00:00,2026-03-17 04:00:00+00:00,0.040938,10409.38,-0.02941,5.885244,24,0,LONG,LONG,LONG,LONG,STRONG_TREND,,
2026-03-17 09:05 UTC,2026-03-08 16:00:00+00:00,2026-03-17 08:00:00+00:00,0.03979,10397.9,-0.02941,5.665738,24,0,LONG,LONG,LONG,LONG,STRONG_TREND,,
2026-03-17 13:47 UTC,2026-03-08 16:00:00+00:00,2026-03-17 12:00:00+00:00,0.038919,10389.19,-0.02941,5.501507,24,0,LONG,LONG,LONG,LONG,STRONG_TREND,,
2026-03-17 17:16 UTC,2026-03-08 16:00:00+00:00,2026-03-17 16:00:00+00:00,0.042997,10429.97,-0.02941,5.939719,24,0,LONG,LONG,LONG,LONG,STRONG_TREND,,
2026-03-17 20:53 UTC,2026-03-08 16:00:00+00:00,2026-03-17 20:00:00+00:00,0.048076,10480.76,-0.02941,6.494731,24,0,LONG,LONG,LONG,LONG,STRONG_TREND,,
2026-03-18 03:16 UTC,2026-03-08 16:00:00+00:00,2026-03-18 00:00:00+00:00,0.045588,10455.88,-0.02941,5.943226,24,0,LONG,LONG,LONG,LONG,STRONG_TREND,,
2026-03-18 05:39 UTC,2026-03-08 16:00:00+00:00,2026-03-18 04:00:00+00:00,0.041228,10412.28,-0.02941,5.157973,24,0,LONG,LONG,LONG,LONG,STRONG_TREND,,
2026-03-18 09:03 UTC,2026-03-08 16:00:00+00:00,2026-03-18 08:00:00+00:00,0.041057,10410.57,-0.02941,4.995733,24,0,LONG,LONG,LONG,LONG,STRONG_TREND,,
2026-03-18 13:50 UTC,2026-03-08 16:00:00+00:00,2026-03-18 12:00:00+00:00,-0.001543,9984.57,-0.057654,0.009955,27,2,FLAT,LONG,FLAT,FLAT,STRONG_TREND,,
2026-03-18 17:15 UTC,2026-03-08 16:00:00+00:00,2026-03-18 16:00:00+00:00,-0.001511,9984.89,-0.057623,0.013196,26,0,FLAT,FLAT,FLAT,FLAT,STRONG_TREND,,
2026-03-18 20:53 UTC,2026-03-08 16:00:00+00:00,2026-03-18 20:00:00+00:00,-0.001511,9984.89,-0.057623,0.013091,26,0,FLAT,FLAT,FLAT,FLAT,STRONG_TREND,,
2026-03-19 03:17 UTC,2026-03-08 16:00:00+00:00,2026-03-19 00:00:00+00:00,-0.001348,9986.52,-0.057651,0.029639,27,0,FLAT,LONG,FLAT,FLAT,STRONG_TREND,,
2026-03-19 05:36 UTC,2026-03-08 16:00:00+00:00,2026-03-19 04:00:00+00:00,-0.001825,9981.75,-0.057919,-0.018937,28,1,FLAT,FLAT,FLAT,FLAT,STRONG_TREND,,
2026-03-19 08:59 UTC,2026-03-08 16:00:00+00:00,2026-03-19 08:00:00+00:00,-0.002178,9978.22,-0.058253,-0.054348,28,0,FLAT,FLAT,FLAT,FLAT,STRONG_TREND,,
2026-03-19 13:40 UTC,2026-03-08 16:00:00+00:00,2026-03-19 12:00:00+00:00,-0.002178,9978.22,-0.058253,-0.053941,28,0,FLAT,FLAT,FLAT,FLAT,STRONG_TREND,,
2026-03-19 17:11 UTC,2026-03-08 16:00:00+00:00,2026-03-19 16:00:00+00:00,-0.002178,9978.22,-0.058253,-0.053543,28,0,FLAT,FLAT,FLAT,FLAT,STRONG_TREND,,
2026-03-19 20:53 UTC,2026-03-08 16:00:00+00:00,2026-03-19 20:00:00+00:00,-0.002178,9978.22,-0.058253,-0.053154,28,0,FLAT,FLAT,FLAT,FLAT,STRONG_TREND,,
2026-03-20 02:51 UTC,2026-03-08 16:00:00+00:00,2026-03-20 00:00:00+00:00,-0.002178,9978.22,-0.058253,-0.052773,28,0,FLAT,FLAT,FLAT,FLAT,STRONG_TREND_BEAR,,
2026-03-20 05:19 UTC,2026-03-08 16:00:00+00:00,2026-03-20 04:00:00+00:00,-0.002178,9978.22,-0.058253,-0.0524,28,0,FLAT,FLAT,FLAT,FLAT,STRONG_TREND_BEAR,,
2026-03-20 08:56 UTC,2026-03-08 16:00:00+00:00,2026-03-20 08:00:00+00:00,-0.002395,9976.05,-0.058458,-0.073017,29,1,FLAT,FLAT,SHORT,FLAT,STRONG_TREND_BEAR,,
2026-03-20 13:22 UTC,2026-03-08 16:00:00+00:00,2026-03-20 12:00:00+00:00,-0.002423,9975.77,-0.058484,-0.075186,29,0,FLAT,FLAT,SHORT,FLAT,STRONG_TREND_BEAR,,
2026-03-20 16:58 UTC,2026-03-08 16:00:00+00:00,2026-03-20 16:00:00+00:00,-0.000248,9997.52,-0.05844,0.132264,29,0,FLAT,FLAT,SHORT,FLAT,STRONG_TREND_BEAR,,
2026-03-20 20:48 UTC,2026-03-08 16:00:00+00:00,2026-03-20 20:00:00+00:00,-0.000661,9993.39,-0.05844,0.092495,29,0,FLAT,FLAT,SHORT,FLAT,STRONG_TREND_BEAR,,
2026-03-21 02:45 UTC,2026-03-08 16:00:00+00:00,2026-03-21 00:00:00+00:00,-0.003125,9968.75,-0.059147,-0.139117,29,0,FLAT,FLAT,SHORT,FLAT,STRONG_TREND_BEAR,,
2026-03-21 05:11 UTC,2026-03-08 16:00:00+00:00,2026-03-21 04:00:00+00:00,-0.002942,9970.58,-0.059035,-0.121104,29,0,FLAT,FLAT,SHORT,FLAT,STRONG_TREND_BEAR,,
2026-03-21 08:48 UTC,2026-03-08 16:00:00+00:00,2026-03-21 08:00:00+00:00,-0.002899,9971.01,-0.059268,-0.116385,30,1,FLAT,FLAT,FLAT,FLAT,STRONG_TREND_BEAR,,
2026-03-21 13:10 UTC,2026-03-08 16:00:00+00:00,2026-03-21 12:00:00+00:00,-0.00319,9968.1,-0.059268,-0.142406,30,0,FLAT,FLAT,FLAT,FLAT,STRONG_TREND_BEAR,,
2026-03-21 16:45 UTC,2026-03-08 16:00:00+00:00,2026-03-21 16:00:00+00:00,-0.00319,9968.1,-0.059268,-0.141514,30,0,FLAT,FLAT,FLAT,FLAT,STRONG_TREND_BEAR,,
2026-03-21 20:39 UTC,2026-03-08 16:00:00+00:00,2026-03-21 20:00:00+00:00,-0.00319,9968.1,-0.059268,-0.140638,30,0,FLAT,FLAT,FLAT,FLAT,STRONG_TREND_BEAR,,
2026-03-22 03:18 UTC,2026-03-08 16:00:00+00:00,2026-03-22 00:00:00+00:00,-0.00319,9968.1,-0.059268,-0.139778,30,0,FLAT,FLAT,FLAT,FLAT,STRONG_TREND_BEAR,,
2026-03-22 05:23 UTC,2026-03-08 16:00:00+00:00,2026-03-22 04:00:00+00:00,-0.00319,9968.1,-0.059268,-0.138934,30,0,FLAT,FLAT,FLAT,FLAT,STRONG_TREND_BEAR,,
2026-03-22 08:50 UTC,2026-03-08 16:00:00+00:00,2026-03-22 08:00:00+00:00,-0.00319,9968.1,-0.059268,-0.138104,30,0,FLAT,FLAT,FLAT,FLAT,STRONG_TREND_BEAR,,
2026-03-22 13:12 UTC,2026-03-08 16:00:00+00:00,2026-03-22 12:00:00+00:00,-0.003076,9969.24,-0.059274,-0.127311,30,0,FLAT,FLAT,FLAT,FLAT,STRONG_TREND_BEAR,,
2026-03-22 16:45 UTC,2026-03-08 16:00:00+00:00,2026-03-22 16:00:00+00:00,-0.00308,9969.2,-0.059273,-0.126919,30,0,FLAT,FLAT,FLAT,FLAT,STRONG_TREND_BEAR,,
2026-03-22 20:41 UTC,2026-03-08 16:00:00+00:00,2026-03-22 20:00:00+00:00,-0.002795,9972.05,-0.059287,-0.101578,30,0,FLAT,FLAT,FLAT,FLAT,STRONG_TREND_BEAR,,
2026-03-23 03:20 UTC,2026-03-08 16:00:00+00:00,2026-03-23 00:00:00+00:00,-0.002509,9974.91,-0.059301,-0.076365,30,0,FLAT,FLAT,FLAT,FLAT,STRONG_TREND_BEAR,,
2026-03-23 05:44 UTC,2026-03-08 16:00:00+00:00,2026-03-23 04:00:00+00:00,-0.002339,9976.61,-0.05931,-0.061361,30,0,FLAT,FLAT,FLAT,FLAT,STRONG_TREND_BEAR,,
2026-03-23 09:10 UTC,2026-03-08 16:00:00+00:00,2026-03-23 08:00:00+00:00,-0.002714,9972.86,-0.059723,-0.093512,32,2,FLAT,FLAT,SHORT,SHORT,STRONG_TREND_BEAR,,
2026-03-23 13:44 UTC,2026-03-08 16:00:00+00:00,2026-03-23 12:00:00+00:00,-0.002174,9978.26,-0.059318,-0.046608,30,0,FLAT,FLAT,FLAT,FLAT,STRONG_TREND_BEAR,,
2026-03-23 17:05 UTC,2026-03-08 16:00:00+00:00,2026-03-23 16:00:00+00:00,-0.002489,9975.11,-0.059302,-0.072938,30,0,FLAT,FLAT,FLAT,FLAT,CHOP,,
2026-03-23 20:51 UTC,2026-03-08 16:00:00+00:00,2026-03-23 20:00:00+00:00,-0.002232,9977.68,-0.059315,-0.050957,30,0,FLAT,FLAT,FLAT,FLAT,CHOP,,
2026-03-24 02:53 UTC,2026-03-08 16:00:00+00:00,2026-03-24 00:00:00+00:00,-0.002247,9977.53,-0.059314,-0.051969,30,0,FLAT,FLAT,FLAT,FLAT,VOL_EXPAND,,
2026-03-24 05:36 UTC,2026-03-08 16:00:00+00:00,2026-03-24 04:00:00+00:00,-0.003064,9969.36,-0.060074,-0.120501,31,0,LONG,FLAT,FLAT,FLAT,CHOP,,
2026-03-24 09:05 UTC,2026-03-08 16:00:00+00:00,2026-03-24 08:00:00+00:00,-0.001238,9987.62,-0.059388,0.033072,32,1,FLAT,FLAT,FLAT,FLAT,STRONG_TREND_BEAR,,
2026-03-24 13:47 UTC,2026-03-08 16:00:00+00:00,2026-03-24 12:00:00+00:00,-0.000831,9991.69,-0.059395,0.066592,32,0,FLAT,FLAT,FLAT,FLAT,STRONG_TREND_BEAR,,
2026-03-24 17:13 UTC,2026-03-08 16:00:00+00:00,2026-03-24 16:00:00+00:00,-0.000928,9990.72,-0.059389,0.058292,32,0,FLAT,FLAT,FLAT,FLAT,VOL_EXPAND,,
2026-03-24 20:54 UTC,2026-03-08 16:00:00+00:00,2026-03-24 20:00:00+00:00,-0.001197,9988.03,-0.059375,0.036047,32,0,FLAT,FLAT,FLAT,FLAT,VOL_EXPAND,,
2026-03-25 03:15 UTC,2026-03-08 16:00:00+00:00,2026-03-25 00:00:00+00:00,-0.001349,9986.51,-0.059371,0.023513,33,1,FLAT,LONG,FLAT,FLAT,VOL_EXPAND,,
2026-03-25 05:36 UTC,2026-03-08 16:00:00+00:00,2026-03-25 04:00:00+00:00,1.3e-05,10000.13,-0.059363,0.134384,34,0,LONG,LONG,FLAT,FLAT,VOL_EXPAND,,
2026-03-25 09:04 UTC,2026-03-08 16:00:00+00:00,2026-03-25 08:00:00+00:00,0.000492,10004.92,-0.059364,0.172439,34,0,LONG,LONG,FLAT,FLAT,VOL_EXPAND,,
2026-03-25 13:46 UTC,2026-03-08 16:00:00+00:00,2026-03-25 12:00:00+00:00,0.002371,10023.71,-0.059386,0.322579,34,0,LONG,LONG,FLAT,FLAT,CHOP,,
2026-03-25 17:15 UTC,2026-03-08 16:00:00+00:00,2026-03-25 16:00:00+00:00,-3.1e-05,9999.69,-0.059383,0.129047,34,0,LONG,LONG,FLAT,FLAT,CHOP,,
2026-03-25 20:53 UTC,2026-03-08 16:00:00+00:00,2026-03-25 20:00:00+00:00,0.000187,10001.87,-0.0594,0.145635,34,0,LONG,LONG,FLAT,FLAT,CHOP,,
2026-03-26 03:24 UTC,2026-03-08 16:00:00+00:00,2026-03-26 00:00:00+00:00,-0.00148,9985.2,-0.059396,0.012944,34,0,LONG,LONG,FLAT,FLAT,CHOP,,
2026-03-26 05:46 UTC,2026-03-08 16:00:00+00:00,2026-03-26 04:00:00+00:00,-0.003045,9969.55,-0.06057,-0.110865,34,0,LONG,LONG,FLAT,FLAT,CHOP,,
2026-03-26 09:10 UTC,2026-03-08 16:00:00+00:00,2026-03-26 08:00:00+00:00,-0.004218,9957.82,-0.061286,-0.202051,34,0,LONG,LONG,FLAT,FLAT,CHOP,,
2026-03-26 13:54 UTC,2026-03-08 16:00:00+00:00,2026-03-26 12:00:00+00:00,-0.007454,9925.46,-0.064264,-0.453801,36,0,FLAT,FLAT,FLAT,FLAT,CHOP,,
2026-03-26 17:16 UTC,2026-03-08 16:00:00+00:00,2026-03-26 16:00:00+00:00,-0.00762,9923.8,-0.064231,-0.464355,36,0,FLAT,FLAT,FLAT,FLAT,CHOP,,
2026-03-26 20:48 UTC,2026-03-08 16:00:00+00:00,2026-03-26 20:00:00+00:00,-0.007525,9924.75,-0.06425,-0.455026,36,0,FLAT,FLAT,FLAT,FLAT,CHOP,,
2026-03-27 03:27 UTC,2026-03-08 16:00:00+00:00,2026-03-27 00:00:00+00:00,-0.007468,9925.32,-0.064261,-0.448693,36,0,FLAT,FLAT,FLAT,FLAT,CHOP,,
2026-03-27 05:47 UTC,2026-03-08 16:00:00+00:00,2026-03-27 04:00:00+00:00,-0.007916,9920.84,-0.064173,-0.480282,36,0,FLAT,FLAT,FLAT,FLAT,CHOP,,
2026-03-27 09:05 UTC,2026-03-08 16:00:00+00:00,2026-03-27 08:00:00+00:00,-0.007902,9920.98,-0.064176,-0.477068,36,0,FLAT,FLAT,FLAT,FLAT,CHOP,,
2026-03-27 13:39 UTC,2026-03-08 16:00:00+00:00,2026-03-27 12:00:00+00:00,-0.008014,9919.86,-0.064154,-0.483287,36,0,FLAT,FLAT,FLAT,FLAT,CHOP,,
2026-03-27 17:06 UTC,2026-03-08 16:00:00+00:00,2026-03-27 16:00:00+00:00,-0.007874,9921.26,-0.06434,-0.471196,37,1,FLAT,FLAT,FLAT,SHORT,STRONG_TREND_BEAR,,
2026-03-27 20:53 UTC,2026-03-08 16:00:00+00:00,2026-03-27 20:00:00+00:00,-0.007474,9925.26,-0.064322,-0.438788,37,0,FLAT,FLAT,FLAT,SHORT,STRONG_TREND_BEAR,,
2026-03-28 03:13 UTC,2026-03-08 16:00:00+00:00,2026-03-28 00:00:00+00:00,-0.007581,9924.19,-0.064413,-0.445095,37,0,FLAT,FLAT,FLAT,SHORT,STRONG_TREND_BEAR,,
2026-03-28 05:33 UTC,2026-03-08 16:00:00+00:00,2026-03-28 04:00:00+00:00,-0.008264,9917.36,-0.064654,-0.494361,38,1,FLAT,FLAT,SHORT,SHORT,STRONG_TREND_BEAR,,
2026-03-28 08:54 UTC,2026-03-08 16:00:00+00:00,2026-03-28 08:00:00+00:00,-0.007918,9920.82,-0.065798,-0.466201,38,0,FLAT,FLAT,SHORT,SHORT,STRONG_TREND_BEAR,,
2026-03-28 13:16 UTC,2026-03-08 16:00:00+00:00,2026-03-28 12:00:00+00:00,-0.008675,9913.25,-0.065798,-0.520213,38,0,FLAT,FLAT,SHORT,SHORT,STRONG_TREND_BEAR,,
2026-03-28 16:49 UTC,2026-03-08 16:00:00+00:00,2026-03-28 16:00:00+00:00,-0.014611,9853.89,-0.071102,-0.94938,40,1,FLAT,FLAT,SHORT,SHORT,STRONG_TREND_BEAR,,
2026-03-28 20:46 UTC,2026-03-08 16:00:00+00:00,2026-03-28 20:00:00+00:00,-0.015439,9845.61,-0.071588,-1.00656,41,1,FLAT,FLAT,SHORT,FLAT,STRONG_TREND_BEAR,,
2026-03-29 03:32 UTC,2026-03-08 16:00:00+00:00,2026-03-29 00:00:00+00:00,-0.014279,9857.21,-0.071089,-0.906335,41,1,FLAT,FLAT,SHORT,FLAT,STRONG_TREND_BEAR,,
2026-03-29 05:48 UTC,2026-03-08 16:00:00+00:00,2026-03-29 04:00:00+00:00,-0.012443,9875.57,-0.071089,-0.770893,41,0,FLAT,FLAT,SHORT,FLAT,STRONG_TREND_BEAR,,
2026-03-29 08:55 UTC,2026-03-08 16:00:00+00:00,2026-03-29 08:00:00+00:00,-0.012735,9872.65,-0.071086,-0.788897,41,0,FLAT,FLAT,SHORT,FLAT,STRONG_TREND_BEAR,,
2026-03-29 13:18 UTC,2026-03-08 16:00:00+00:00,2026-03-29 12:00:00+00:00,-0.012293,9877.07,-0.071097,-0.753644,41,0,FLAT,FLAT,SHORT,FLAT,STRONG_TREND_BEAR,,
2026-03-29 16:49 UTC,2026-03-08 16:00:00+00:00,2026-03-29 16:00:00+00:00,-0.011312,9886.88,-0.071003,-0.682529,41,0,FLAT,FLAT,SHORT,FLAT,STRONG_TREND_BEAR,,
2026-03-29 20:48 UTC,2026-03-08 16:00:00+00:00,2026-03-29 20:00:00+00:00,-0.011864,9881.36,-0.071003,-0.718735,42,1,FLAT,FLAT,FLAT,FLAT,STRONG_TREND_BEAR,,
2026-03-30 03:35 UTC,2026-03-08 16:00:00+00:00,2026-03-30 00:00:00+00:00,-0.009663,9903.37,-0.071117,-0.558054,42,0,FLAT,FLAT,FLAT,FLAT,STRONG_TREND_BEAR,,
2026-03-30 06:05 UTC,2026-03-08 16:00:00+00:00,2026-03-30 04:00:00+00:00,-0.009439,9905.61,-0.071071,-0.541001,42,0,FLAT,FLAT,FLAT,FLAT,STRONG_TREND_BEAR,,
2026-03-30 09:44 UTC,2026-03-08 16:00:00+00:00,2026-03-30 08:00:00+00:00,-0.009505,9904.95,-0.071085,-0.543349,42,0,FLAT,FLAT,FLAT,FLAT,STRONG_TREND_BEAR,,
2026-03-30 13:59 UTC,2026-03-08 16:00:00+00:00,2026-03-30 12:00:00+00:00,-0.00952,9904.8,-0.071088,-0.542281,42,0,FLAT,FLAT,FLAT,FLAT,STRONG_TREND_BEAR,,
2026-03-30 17:09 UTC,2026-03-08 16:00:00+00:00,2026-03-30 16:00:00+00:00,-0.009895,9901.05,-0.071164,-0.564884,42,0,FLAT,FLAT,FLAT,FLAT,CHOP,,
2026-03-30 20:58 UTC,2026-03-08 16:00:00+00:00,2026-03-30 20:00:00+00:00,-0.010072,9899.28,-0.0712,-0.574334,42,0,FLAT,FLAT,FLAT,FLAT,CHOP,,
2026-03-31 03:26 UTC,2026-03-08 16:00:00+00:00,2026-03-31 00:00:00+00:00,-0.010055,9899.45,-0.071196,-0.571082,42,0,FLAT,FLAT,FLAT,FLAT,CHOP,,
2026-03-31 05:50 UTC,2026-03-08 16:00:00+00:00,2026-03-31 04:00:00+00:00,-0.010073,9899.27,-0.0712,-0.570147,42,0,FLAT,FLAT,FLAT,FLAT,CHOP,,
2026-03-31 09:14 UTC,2026-03-08 16:00:00+00:00,2026-03-31 08:00:00+00:00,-0.010148,9898.52,-0.071215,-0.572945,42,0,FLAT,FLAT,FLAT,FLAT,CHOP,,
2026-03-31 13:58 UTC,2026-03-08 16:00:00+00:00,2026-03-31 12:00:00+00:00,-0.009779,9902.21,-0.07114,-0.547172,42,0,FLAT,FLAT,FLAT,FLAT,CHOP,,
2026-03-31 17:11 UTC,2026-03-08 16:00:00+00:00,2026-03-31 16:00:00+00:00,-0.00977,9902.3,-0.071138,-0.544634,42,0,FLAT,FLAT,FLAT,FLAT,CHOP,,
2026-03-31 20:55 UTC,2026-03-08 16:00:00+00:00,2026-03-31 20:00:00+00:00,-0.009714,9902.86,-0.071127,-0.539126,42,0,FLAT,FLAT,FLAT,FLAT,VOL_EXPAND,,
2026-04-01 03:38 UTC,2026-03-08 16:00:00+00:00,2026-04-01 00:00:00+00:00,-0.009714,9902.86,-0.071127,-0.537225,42,0,FLAT,FLAT,FLAT,FLAT,VOL_EXPAND,,
2026-04-01 06:02 UTC,2026-03-08 16:00:00+00:00,2026-04-01 04:00:00+00:00,-0.00977,9902.3,-0.071138,-0.538891,42,0,FLAT,FLAT,FLAT,FLAT,CHOP,,
2026-04-01 09:20 UTC,2026-03-08 16:00:00+00:00,2026-04-01 08:00:00+00:00,-0.009714,9902.86,-0.071127,-0.533481,42,0,FLAT,FLAT,FLAT,FLAT,CHOP,,
2026-04-01 14:00 UTC,2026-03-08 16:00:00+00:00,2026-04-01 12:00:00+00:00,-0.009655,9903.45,-0.071094,-0.528221,43,1,FLAT,LONG,FLAT,FLAT,VOL_EXPAND,,
2026-04-01 17:09 UTC,2026-03-08 16:00:00+00:00,2026-04-01 16:00:00+00:00,-0.008698,9913.02,-0.071138,-0.461838,44,1,FLAT,LONG,FLAT,LONG,VOL_EXPAND,,
2026-04-01 20:58 UTC,2026-03-08 16:00:00+00:00,2026-04-01 20:00:00+00:00,-0.009106,9908.94,-0.071125,-0.487685,44,0,FLAT,LONG,FLAT,LONG,CHOP,,
2026-04-02 03:22 UTC,2026-03-08 16:00:00+00:00,2026-04-02 00:00:00+00:00,-0.020913,9790.87,-0.076614,-1.24441,46,2,FLAT,FLAT,FLAT,FLAT,CHOP,,
2026-04-02 05:47 UTC,2026-03-08 16:00:00+00:00,2026-04-02 04:00:00+00:00,-0.020724,9792.76,-0.076586,-1.228982,46,0,FLAT,FLAT,FLAT,FLAT,CHOP,,
2026-04-02 09:12 UTC,2026-03-08 16:00:00+00:00,2026-04-02 08:00:00+00:00,-0.020724,9792.76,-0.076586,-1.224876,46,0,FLAT,FLAT,FLAT,FLAT,CHOP,,
2026-04-02 13:52 UTC,2026-03-08 16:00:00+00:00,2026-04-02 12:00:00+00:00,-0.020724,9792.76,-0.076586,-1.220811,46,0,FLAT,FLAT,FLAT,FLAT,CHOP,,
2026-04-02 17:07 UTC,2026-03-08 16:00:00+00:00,2026-04-02 16:00:00+00:00,-0.020724,9792.76,-0.076586,-1.216786,46,0,FLAT,FLAT,FLAT,FLAT,CHOP,,
2026-04-02 20:50 UTC,2026-03-08 16:00:00+00:00,2026-04-02 20:00:00+00:00,-0.020724,9792.76,-0.076586,-1.212801,46,0,FLAT,FLAT,FLAT,FLAT,CHOP,,
2026-04-03 03:24 UTC,2026-03-08 16:00:00+00:00,2026-04-03 00:00:00+00:00,-0.020724,9792.76,-0.076586,-1.208854,46,0,FLAT,FLAT,FLAT,FLAT,CHOP,,
2026-04-03 05:47 UTC,2026-03-08 16:00:00+00:00,2026-04-03 04:00:00+00:00,-0.020425,9795.75,-0.076541,-1.1875,46,0,FLAT,FLAT,FLAT,FLAT,CHOP,,
2026-04-03 09:07 UTC,2026-03-08 16:00:00+00:00,2026-04-03 08:00:00+00:00,-0.020705,9792.95,-0.076583,-1.199977,46,0,FLAT,FLAT,FLAT,FLAT,CHOP,,
2026-04-03 13:36 UTC,2026-03-08 16:00:00+00:00,2026-04-03 12:00:00+00:00,-0.020705,9792.95,-0.076583,-1.196147,46,0,FLAT,FLAT,FLAT,FLAT,CHOP,,
2026-04-03 16:55 UTC,2026-03-08 16:00:00+00:00,2026-04-03 16:00:00+00:00,-0.020705,9792.95,-0.076583,-1.192354,46,0,FLAT,FLAT,FLAT,FLAT,CHOP,,
2026-04-03 20:51 UTC,2026-03-08 16:00:00+00:00,2026-04-03 20:00:00+00:00,-0.020837,9791.63,-0.076603,-1.196187,46,0,FLAT,FLAT,FLAT,FLAT,CHOP,,
2026-04-04 03:12 UTC,2026-03-08 16:00:00+00:00,2026-04-04 00:00:00+00:00,-0.020453,9795.47,-0.076545,-1.170394,46,0,FLAT,FLAT,FLAT,FLAT,STRONG_TREND_BEAR,,
2026-04-04 05:33 UTC,2026-03-08 16:00:00+00:00,2026-04-04 04:00:00+00:00,-0.020147,9798.53,-0.076499,-1.149171,46,0,FLAT,FLAT,FLAT,FLAT,STRONG_TREND_BEAR,,
2026-04-04 08:55 UTC,2026-03-08 16:00:00+00:00,2026-04-04 08:00:00+00:00,-0.020402,9795.98,-0.076537,-1.160222,46,0,FLAT,FLAT,FLAT,FLAT,STRONG_TREND_BEAR,,
2026-04-04 13:18 UTC,2026-03-08 16:00:00+00:00,2026-04-04 12:00:00+00:00,-0.020373,9796.27,-0.076533,-1.155053,46,0,FLAT,FLAT,FLAT,FLAT,STRONG_TREND_BEAR,,
2026-04-04 16:50 UTC,2026-03-08 16:00:00+00:00,2026-04-04 16:00:00+00:00,-0.020552,9794.48,-0.07656,-1.16169,46,0,FLAT,FLAT,FLAT,FLAT,STRONG_TREND_BEAR,,
2026-04-04 20:47 UTC,2026-03-08 16:00:00+00:00,2026-04-04 20:00:00+00:00,-0.020511,9794.89,-0.076554,-1.155795,46,0,FLAT,FLAT,FLAT,FLAT,STRONG_TREND_BEAR,,
2026-04-05 03:34 UTC,2026-03-08 16:00:00+00:00,2026-04-05 00:00:00+00:00,-0.02194,9780.6,-0.077926,-1.24093,47,1,SHORT,FLAT,FLAT,FLAT,STRONG_TREND_BEAR,,
2026-04-05 05:50 UTC,2026-03-08 16:00:00+00:00,2026-04-05 04:00:00+00:00,-0.020819,9791.81,-0.0766,-1.166132,46,0,FLAT,FLAT,FLAT,FLAT,STRONG_TREND_BEAR,,
2026-04-05 08:57 UTC,2026-03-08 16:00:00+00:00,2026-04-05 08:00:00+00:00,-0.020776,9792.24,-0.076594,-1.160288,46,0,FLAT,FLAT,FLAT,FLAT,STRONG_TREND_BEAR,,
2026-04-05 13:19 UTC,2026-03-08 16:00:00+00:00,2026-04-05 12:00:00+00:00,-0.020878,9791.22,-0.076609,-1.162521,46,0,FLAT,FLAT,FLAT,FLAT,STRONG_TREND_BEAR,,
2026-04-05 16:51 UTC,2026-03-08 16:00:00+00:00,2026-04-05 16:00:00+00:00,-0.020446,9795.54,-0.076544,-1.135082,46,0,FLAT,FLAT,FLAT,FLAT,STRONG_TREND_BEAR,,
2026-04-05 20:48 UTC,2026-03-08 16:00:00+00:00,2026-04-05 20:00:00+00:00,-0.020776,9792.24,-0.076594,-1.150076,46,0,FLAT,FLAT,FLAT,FLAT,CHOP,,
2026-04-06 03:36 UTC,2026-03-08 16:00:00+00:00,2026-04-06 00:00:00+00:00,-0.020782,9792.18,-0.076595,-1.14702,46,0,FLAT,FLAT,FLAT,FLAT,STRONG_TREND_BEAR,,
2026-04-06 06:05 UTC,2026-03-08 16:00:00+00:00,2026-04-06 04:00:00+00:00,-0.021788,9782.12,-0.077492,-1.204328,48,2,LONG,LONG,FLAT,FLAT,STRONG_TREND,,
2026-04-06 09:21 UTC,2026-03-08 16:00:00+00:00,2026-04-06 08:00:00+00:00,-0.008145,9918.55,-0.077424,-0.363982,48,0,LONG,LONG,FLAT,FLAT,STRONG_TREND,,
2026-04-06 13:42 UTC,2026-03-08 16:00:00+00:00,2026-04-06 12:00:00+00:00,-0.018253,9817.47,-0.077413,-0.969343,48,0,LONG,LONG,FLAT,FLAT,STRONG_TREND,,
2026-04-06 17:02 UTC,2026-03-08 16:00:00+00:00,2026-04-06 16:00:00+00:00,-0.018269,9817.31,-0.077418,-0.946683,50,2,LONG,LONG,LONG,LONG,STRONG_TREND,,
2026-04-06 20:51 UTC,2026-03-08 16:00:00+00:00,2026-04-06 20:00:00+00:00,-0.011164,9888.36,-0.077437,-0.53879,50,0,LONG,LONG,LONG,LONG,STRONG_TREND,,
2026-04-07 03:27 UTC,2026-03-08 16:00:00+00:00,2026-04-07 00:00:00+00:00,-0.050018,9499.82,-0.104288,-2.523013,58,4,LONG,LONG,LONG,LONG,STRONG_TREND,,
2026-04-07 05:53 UTC,2026-03-08 16:00:00+00:00,2026-04-07 04:00:00+00:00,-0.051435,9485.65,-0.105808,-2.59384,59,1,LONG,LONG,LONG,FLAT,STRONG_TREND,,
2026-04-07 09:18 UTC,2026-03-08 16:00:00+00:00,2026-04-07 08:00:00+00:00,-0.046405,9535.95,-0.106513,-2.29516,59,0,LONG,LONG,LONG,FLAT,STRONG_TREND,,
2026-04-07 13:57 UTC,2026-03-08 16:00:00+00:00,2026-04-07 12:00:00+00:00,-0.056974,9430.26,-0.110433,-2.864725,62,0,FLAT,FLAT,FLAT,FLAT,STRONG_TREND,,
2026-04-07 17:13 UTC,2026-03-08 16:00:00+00:00,2026-04-07 16:00:00+00:00,-0.056699,9433.01,-0.110356,-2.844437,62,0,FLAT,FLAT,FLAT,FLAT,STRONG_TREND,,
2026-04-07 21:00 UTC,2026-03-08 16:00:00+00:00,2026-04-07 20:00:00+00:00,-0.056005,9439.95,-0.11067,-2.79723,65,1,LONG,LONG,LONG,FLAT,STRONG_TREND,,
2026-04-08 03:29 UTC,2026-03-08 16:00:00+00:00,2026-04-08 00:00:00+00:00,-0.043644,9563.56,-0.11067,-2.050873,70,3,LONG,LONG,LONG,LONG,STRONG_TREND,,
2026-04-08 05:54 UTC,2026-03-08 16:00:00+00:00,2026-04-08 04:00:00+00:00,-0.040283,9597.17,-0.11067,-1.867488,72,2,LONG,LONG,LONG,LONG,STRONG_TREND,,
2026-04-08 09:16 UTC,2026-03-08 16:00:00+00:00,2026-04-08 08:00:00+00:00,-0.041154,9588.46,-0.111277,-1.896041,72,0,LONG,LONG,LONG,LONG,STRONG_TREND,,
2026-04-08 13:59 UTC,2026-03-08 16:00:00+00:00,2026-04-08 12:00:00+00:00,-0.046085,9539.15,-0.111294,-2.136805,74,2,LONG,LONG,FLAT,FLAT,STRONG_TREND,,
2026-04-08 17:18 UTC,2026-03-08 16:00:00+00:00,2026-04-08 16:00:00+00:00,-0.047464,9525.36,-0.111152,-2.182712,74,0,LONG,LONG,FLAT,FLAT,STRONG_TREND,,
2026-04-08 20:58 UTC,2026-03-08 16:00:00+00:00,2026-04-08 20:00:00+00:00,-0.05188,9481.2,-0.111237,-2.399469,74,0,LONG,LONG,FLAT,FLAT,STRONG_TREND,,
2026-04-09 03:24 UTC,2026-03-08 16:00:00+00:00,2026-04-09 00:00:00+00:00,-0.058612,9413.88,-0.111187,-2.724107,76,2,LONG,LONG,FLAT,FLAT,STRONG_TREND,,
2026-04-09 05:55 UTC,2026-03-08 16:00:00+00:00,2026-04-09 04:00:00+00:00,-0.058786,9412.14,-0.11117,-2.72602,76,0,LONG,LONG,FLAT,FLAT,STRONG_TREND,,
2026-04-09 09:22 UTC,2026-03-08 16:00:00+00:00,2026-04-09 08:00:00+00:00,-0.055806,9441.94,-0.110985,-2.572233,76,0,LONG,LONG,FLAT,FLAT,STRONG_TREND,,
2026-04-09 14:08 UTC,2026-03-08 16:00:00+00:00,2026-04-09 12:00:00+00:00,-0.059656,9403.44,-0.112628,-2.757256,78,2,LONG,FLAT,LONG,FLAT,STRONG_TREND,,
2026-04-09 17:19 UTC,2026-03-08 16:00:00+00:00,2026-04-09 16:00:00+00:00,-0.044636,9553.64,-0.110567,-1.998278,78,1,LONG,LONG,LONG,LONG,STRONG_TREND,,
2026-04-09 21:00 UTC,2026-03-08 16:00:00+00:00,2026-04-09 20:00:00+00:00,-0.045648,9543.52,-0.110568,-2.042818,78,0,LONG,LONG,LONG,LONG,STRONG_TREND,,
2026-04-10 03:36 UTC,2026-03-08 16:00:00+00:00,2026-04-10 00:00:00+00:00,-0.051461,9485.39,-0.110508,-2.31572,78,0,LONG,LONG,LONG,LONG,STRONG_TREND,,
2026-04-10 06:05 UTC,2026-03-08 16:00:00+00:00,2026-04-10 04:00:00+00:00,-0.048354,9516.46,-0.110414,-2.157376,79,1,LONG,LONG,LONG,FLAT,STRONG_TREND,,
2026-04-10 09:22 UTC,2026-03-08 16:00:00+00:00,2026-04-10 08:00:00+00:00,-0.051424,9485.76,-0.110261,-2.297383,79,0,LONG,LONG,LONG,FLAT,STRONG_TREND,,
2026-04-10 13:44 UTC,2026-03-08 16:00:00+00:00,2026-04-10 12:00:00+00:00,-0.049333,9506.67,-0.110434,-2.179073,79,0,LONG,LONG,LONG,FLAT,STRONG_TREND,,
2026-04-10 17:03 UTC,2026-03-08 16:00:00+00:00,2026-04-10 16:00:00+00:00,-0.040216,9597.84,-0.110356,-1.73403,79,0,LONG,LONG,LONG,FLAT,STRONG_TREND,,
2026-04-10 20:51 UTC,2026-03-08 16:00:00+00:00,2026-04-10 20:00:00+00:00,-0.037117,9628.83,-0.11035,-1.576737,79,0,LONG,LONG,LONG,FLAT,STRONG_TREND,,
2026-04-11 03:15 UTC,2026-03-08 16:00:00+00:00,2026-04-11 00:00:00+00:00,-0.040077,9599.23,-0.110563,-1.70798,79,0,LONG,LONG,LONG,FLAT,STRONG_TREND,,
2026-04-11 05:37 UTC,2026-03-08 16:00:00+00:00,2026-04-11 04:00:00+00:00,-0.042586,9574.14,-0.110582,-1.820361,79,0,LONG,LONG,LONG,FLAT,STRONG_TREND,,
2026-04-11 08:58 UTC,2026-03-08 16:00:00+00:00,2026-04-11 08:00:00+00:00,-0.043515,9564.85,-0.110532,-1.859222,79,0,LONG,LONG,LONG,FLAT,STRONG_TREND,,
2026-04-11 13:19 UTC,2026-03-08 16:00:00+00:00,2026-04-11 12:00:00+00:00,-0.042525,9574.75,-0.110547,-1.807447,79,0,LONG,LONG,LONG,FLAT,STRONG_TREND,,
2026-04-11 16:52 UTC,2026-03-08 16:00:00+00:00,2026-04-11 16:00:00+00:00,-0.038889,9611.11,-0.110542,-1.634269,80,1,LONG,LONG,LONG,LONG,STRONG_TREND,,
2026-04-11 20:48 UTC,2026-03-08 16:00:00+00:00,2026-04-11 20:00:00+00:00,-0.035724,9642.76,-0.110533,-1.466689,80,0,LONG,LONG,LONG,LONG,STRONG_TREND,,
2026-04-12 03:42 UTC,2026-03-08 16:00:00+00:00,2026-04-12 00:00:00+00:00,-0.058287,9417.13,-0.112125,-2.39902,85,5,LONG,LONG,FLAT,FLAT,STRONG_TREND,,
2026-04-12 06:01 UTC,2026-03-08 16:00:00+00:00,2026-04-12 04:00:00+00:00,-0.057999,9420.01,-0.112125,-2.380369,85,0,LONG,LONG,FLAT,FLAT,STRONG_TREND,,
2026-04-12 09:01 UTC,2026-03-08 16:00:00+00:00,2026-04-12 08:00:00+00:00,-0.058398,9416.02,-0.11223,-2.392445,87,2,FLAT,FLAT,FLAT,FLAT,STRONG_TREND,,
2026-04-12 13:22 UTC,2026-03-08 16:00:00+00:00,2026-04-12 12:00:00+00:00,-0.058812,9411.88,-0.11262,-2.405033,87,0,FLAT,FLAT,FLAT,FLAT,STRONG_TREND,,
2026-04-12 16:54 UTC,2026-03-08 16:00:00+00:00,2026-04-12 16:00:00+00:00,-0.058812,9411.88,-0.11262,-2.39934,87,0,FLAT,FLAT,FLAT,FLAT,STRONG_TREND,,
2026-04-12 20:50 UTC,2026-03-08 16:00:00+00:00,2026-04-12 20:00:00+00:00,-0.058812,9411.88,-0.11262,-2.393686,87,0,FLAT,FLAT,FLAT,FLAT,STRONG_TREND,,
2026-04-13 03:49 UTC,2026-03-08 16:00:00+00:00,2026-04-13 00:00:00+00:00,-0.058812,9411.88,-0.11262,-2.388072,87,0,FLAT,FLAT,FLAT,FLAT,STRONG_TREND,,
2026-04-13 06:24 UTC,2026-03-08 16:00:00+00:00,2026-04-13 04:00:00+00:00,-0.058812,9411.88,-0.11262,-2.382498,87,0,FLAT,FLAT,FLAT,FLAT,STRONG_TREND,,
2026-04-13 10:04 UTC,2026-03-08 16:00:00+00:00,2026-04-13 08:00:00+00:00,-0.058812,9411.88,-0.11262,-2.376962,87,0,FLAT,FLAT,FLAT,FLAT,STRONG_TREND,,
2026-04-13 14:04 UTC,2026-03-08 16:00:00+00:00,2026-04-13 12:00:00+00:00,-0.058812,9411.88,-0.11262,-2.371465,87,0,FLAT,FLAT,FLAT,FLAT,STRONG_TREND,,
2026-04-13 17:17 UTC,2026-03-08 16:00:00+00:00,2026-04-13 16:00:00+00:00,-0.056157,9438.43,-0.112732,-2.248879,88,0,LONG,FLAT,FLAT,FLAT,STRONG_TREND,,
2026-04-13 21:06 UTC,2026-03-08 16:00:00+00:00,2026-04-13 20:00:00+00:00,-0.05135,9486.5,-0.112732,-2.021137,89,0,LONG,FLAT,FLAT,FLAT,STRONG_TREND,,
2026-04-14 03:37 UTC,2026-03-08 16:00:00+00:00,2026-04-14 00:00:00+00:00,-0.042902,9570.98,-0.112732,-1.643989,91,0,LONG,LONG,FLAT,FLAT,CHOP,,
2026-04-14 06:07 UTC,2026-03-08 16:00:00+00:00,2026-04-14 04:00:00+00:00,-0.043191,9568.09,-0.112732,-1.652295,91,0,LONG,LONG,FLAT,FLAT,CHOP,,
2026-04-14 09:45 UTC,2026-03-08 16:00:00+00:00,2026-04-14 08:00:00+00:00,-0.040315,9596.85,-0.112938,-1.527768,91,0,LONG,LONG,FLAT,FLAT,CHOP,,
2026-04-14 14:07 UTC,2026-03-08 16:00:00+00:00,2026-04-14 12:00:00+00:00,-0.030359,9696.41,-0.112938,-1.093187,92,1,LONG,LONG,FLAT,FLAT,STRONG_TREND,,
2026-04-14 17:20 UTC,2026-03-08 16:00:00+00:00,2026-04-14 16:00:00+00:00,-0.040865,9591.35,-0.112938,-1.526153,92,0,LONG,LONG,FLAT,FLAT,STRONG_TREND,,
2026-04-14 21:04 UTC,2026-03-08 16:00:00+00:00,2026-04-14 20:00:00+00:00,-0.048621,9513.79,-0.112938,-1.810815,92,0,LONG,LONG,FLAT,FLAT,STRONG_TREND,,
2026-04-15 03:35 UTC,2026-03-08 16:00:00+00:00,2026-04-15 00:00:00+00:00,-0.04796,9520.4,-0.112938,-1.779214,93,1,LONG,LONG,LONG,FLAT,STRONG_TREND,,
2026-04-15 06:07 UTC,2026-03-08 16:00:00+00:00,2026-04-15 04:00:00+00:00,-0.05279,9472.1,-0.112938,-1.966108,93,0,LONG,LONG,LONG,FLAT,STRONG_TREND,,
2026-04-15 09:45 UTC,2026-03-08 16:00:00+00:00,2026-04-15 08:00:00+00:00,-0.056239,9437.61,-0.112456,-2.079857,94,0,LONG,LONG,LONG,FLAT,STRONG_TREND,,
2026-04-15 14:01 UTC,2026-03-08 16:00:00+00:00,2026-04-15 12:00:00+00:00,-0.055939,9440.61,-0.112504,-2.059992,95,1,LONG,LONG,LONG,LONG,STRONG_TREND,,
2026-04-15 17:17 UTC,2026-03-08 16:00:00+00:00,2026-04-15 16:00:00+00:00,-0.054036,9459.64,-0.112468,-1.977528,95,0,LONG,LONG,LONG,LONG,STRONG_TREND,,
2026-04-15 21:03 UTC,2026-03-08 16:00:00+00:00,2026-04-15 20:00:00+00:00,-0.047866,9521.34,-0.112504,-1.707562,95,0,LONG,LONG,LONG,LONG,STRONG_TREND,,
2026-04-16 03:43 UTC,2026-03-08 16:00:00+00:00,2026-04-16 00:00:00+00:00,-0.047105,9528.95,-0.112504,-1.673679,95,0,LONG,LONG,LONG,LONG,STRONG_TREND,,
2026-04-16 06:10 UTC,2026-03-08 16:00:00+00:00,2026-04-16 04:00:00+00:00,-0.046526,9534.74,-0.112468,-1.647281,95,0,LONG,LONG,LONG,LONG,STRONG_TREND,,
2026-04-16 09:44 UTC,2026-03-08 16:00:00+00:00,2026-04-16 08:00:00+00:00,-0.050878,9491.22,-0.112532,-1.813138,96,1,LONG,LONG,LONG,FLAT,STRONG_TREND,,
2026-04-16 14:09 UTC,2026-03-08 16:00:00+00:00,2026-04-16 12:00:00+00:00,-0.058776,9412.24,-0.112842,-2.111516,99,3,LONG,LONG,FLAT,FLAT,STRONG_TREND,,
2026-04-16 17:39 UTC,2026-03-08 16:00:00+00:00,2026-04-16 16:00:00+00:00,-0.056812,9431.88,-0.112504,-2.034907,99,2,LONG,LONG,FLAT,FLAT,STRONG_TREND,,
2026-04-16 21:01 UTC,2026-03-08 16:00:00+00:00,2026-04-16 20:00:00+00:00,-0.05021,9497.9,-0.112456,-1.772551,98,0,LONG,FLAT,FLAT,FLAT,STRONG_TREND,,
2026-04-17 03:39 UTC,2026-03-08 16:00:00+00:00,2026-04-17 00:00:00+00:00,-0.051735,9482.65,-0.112532,-1.827927,98,0,LONG,FLAT,FLAT,FLAT,STRONG_TREND,,
2026-04-17 06:11 UTC,2026-03-08 16:00:00+00:00,2026-04-17 04:00:00+00:00,-0.051953,9480.47,-0.112504,-1.832113,99,0,LONG,LONG,FLAT,FLAT,STRONG_TREND,,
2026-04-17 09:43 UTC,2026-03-08 16:00:00+00:00,2026-04-17 08:00:00+00:00,-0.048099,9519.01,-0.112468,-1.678115,99,0,LONG,LONG,FLAT,FLAT,STRONG_TREND,,
2026-04-17 13:55 UTC,2026-03-08 16:00:00+00:00,2026-04-17 12:00:00+00:00,-0.040041,9599.59,-0.112468,-1.358019,99,0,LONG,LONG,FLAT,FLAT,STRONG_TREND,,
2026-04-17 17:03 UTC,2026-03-08 16:00:00+00:00,2026-04-17 16:00:00+00:00,-0.037814,9621.86,-0.112468,-1.267558,99,0,LONG,LONG,FLAT,FLAT,STRONG_TREND,,
2026-04-17 20:59 UTC,2026-03-08 16:00:00+00:00,2026-04-17 20:00:00+00:00,-0.040287,9597.13,-0.112477,-1.357501,99,0,LONG,LONG,FLAT,FLAT,STRONG_TREND,,
2026-04-18 03:27 UTC,2026-03-08 16:00:00+00:00,2026-04-18 00:00:00+00:00,-0.041018,9589.82,-0.112477,-1.381928,99,0,LONG,LONG,FLAT,FLAT,STRONG_TREND,,
2026-04-18 05:47 UTC,2026-03-08 16:00:00+00:00,2026-04-18 04:00:00+00:00,-0.041628,9583.72,-0.112477,-1.401911,99,0,LONG,LONG,FLAT,FLAT,CHOP,,
2026-04-18 09:02 UTC,2026-03-08 16:00:00+00:00,2026-04-18 08:00:00+00:00,-0.044102,9558.98,-0.112477,-1.491298,99,0,LONG,LONG,FLAT,FLAT,CHOP,,
2026-04-18 13:23 UTC,2026-03-08 16:00:00+00:00,2026-04-18 12:00:00+00:00,-0.046264,9537.36,-0.112477,-1.56666,99,0,LONG,LONG,FLAT,FLAT,CHOP,,
2026-04-18 16:55 UTC,2026-03-08 16:00:00+00:00,2026-04-18 16:00:00+00:00,-0.046988,9530.12,-0.112477,-1.590426,99,0,LONG,LONG,FLAT,FLAT,CHOP,,
2026-04-18 20:50 UTC,2026-03-08 16:00:00+00:00,2026-04-18 20:00:00+00:00,-0.047862,9521.38,-0.112401,-1.618823,100,0,LONG,FLAT,FLAT,FLAT,CHOP,,
2026-04-19 03:46 UTC,2026-03-08 16:00:00+00:00,2026-04-19 00:00:00+00:00,-0.048529,9514.71,-0.112401,-1.640481,100,0,LONG,FLAT,FLAT,FLAT,CHOP,,
2026-04-19 06:06 UTC,2026-03-08 16:00:00+00:00,2026-04-19 04:00:00+00:00,-0.04895,9510.5,-0.112401,-1.65286,100,0,LONG,FLAT,FLAT,FLAT,CHOP,,
2026-04-19 09:04 UTC,2026-03-08 16:00:00+00:00,2026-04-19 08:00:00+00:00,-0.050974,9490.26,-0.112401,-1.724211,101,0,FLAT,FLAT,FLAT,FLAT,CHOP,,
2026-04-19 13:23 UTC,2026-03-08 16:00:00+00:00,2026-04-19 12:00:00+00:00,-0.050974,9490.26,-0.112401,-1.720795,101,0,FLAT,FLAT,FLAT,FLAT,CHOP,,
2026-04-19 16:55 UTC,2026-03-08 16:00:00+00:00,2026-04-19 16:00:00+00:00,-0.050974,9490.26,-0.112401,-1.7174,101,0,FLAT,FLAT,FLAT,FLAT,CHOP,,
2026-04-19 20:51 UTC,2026-03-08 16:00:00+00:00,2026-04-19 20:00:00+00:00,-0.050969,9490.31,-0.112399,-1.713854,101,0,FLAT,FLAT,FLAT,FLAT,CHOP,,
2026-04-20 03:48 UTC,2026-03-08 16:00:00+00:00,2026-04-20 00:00:00+00:00,-0.050628,9493.72,-0.112238,-1.697367,101,0,FLAT,FLAT,FLAT,FLAT,CHOP,,
2026-04-20 06:25 UTC,2026-03-08 16:00:00+00:00,2026-04-20 04:00:00+00:00,-0.050686,9493.14,-0.112265,-1.696272,101,0,FLAT,FLAT,FLAT,FLAT,STRONG_TREND,,
2026-04-20 10:07 UTC,2026-03-08 16:00:00+00:00,2026-04-20 08:00:00+00:00,-0.050633,9493.67,-0.11224,-1.690942,101,0,FLAT,FLAT,FLAT,FLAT,STRONG_TREND,,
2026-04-20 14:07 UTC,2026-03-08 16:00:00+00:00,2026-04-20 12:00:00+00:00,-0.050678,9493.22,-0.112261,-1.689412,101,0,FLAT,FLAT,FLAT,FLAT,STRONG_TREND,,
2026-04-20 17:17 UTC,2026-03-08 16:00:00+00:00,2026-04-20 16:00:00+00:00,-0.051232,9487.68,-0.112219,-1.70629,102,0,LONG,FLAT,FLAT,FLAT,STRONG_TREND,,
2026-04-20 20:59 UTC,2026-03-08 16:00:00+00:00,2026-04-20 20:00:00+00:00,-0.048182,9518.18,-0.11215,-1.590327,102,0,LONG,FLAT,FLAT,FLAT,CHOP,,
2026-04-21 03:40 UTC,2026-03-08 16:00:00+00:00,2026-04-21 00:00:00+00:00,-0.050853,9491.47,-0.111806,-1.682448,102,0,LONG,FLAT,FLAT,FLAT,CHOP,,
2026-04-21 06:10 UTC,2026-03-08 16:00:00+00:00,2026-04-21 04:00:00+00:00,-0.048778,9512.22,-0.111365,-1.6024,102,0,LONG,FLAT,FLAT,FLAT,CHOP,,
2026-04-21 09:48 UTC,2026-03-08 16:00:00+00:00,2026-04-21 08:00:00+00:00,-0.046822,9531.78,-0.111481,-1.528561,102,0,LONG,FLAT,FLAT,FLAT,CHOP,,
2026-04-21 14:05 UTC,2026-03-08 16:00:00+00:00,2026-04-21 12:00:00+00:00,-0.048882,9511.18,-0.111494,-1.598543,102,0,LONG,FLAT,FLAT,FLAT,CHOP,,
2026-04-21 17:14 UTC,2026-03-08 16:00:00+00:00,2026-04-21 16:00:00+00:00,-0.050158,9498.42,-0.11143,-1.641045,102,0,LONG,FLAT,FLAT,FLAT,CHOP,,
2026-04-21 21:02 UTC,2026-03-08 16:00:00+00:00,2026-04-21 20:00:00+00:00,-0.049286,9507.14,-0.111475,-1.603584,102,0,LONG,FLAT,FLAT,FLAT,CHOP,,
2026-04-22 03:36 UTC,2026-03-08 16:00:00+00:00,2026-04-22 00:00:00+00:00,-0.040983,9590.17,-0.111302,-1.297373,102,0,LONG,FLAT,FLAT,FLAT,CHOP,,
2026-04-22 06:07 UTC,2026-03-08 16:00:00+00:00,2026-04-22 04:00:00+00:00,-0.038607,9613.93,-0.111289,-1.210287,102,0,LONG,FLAT,FLAT,FLAT,CHOP,,
2026-04-22 09:47 UTC,2026-03-08 16:00:00+00:00,2026-04-22 08:00:00+00:00,-0.03775,9622.5,-0.111241,-1.177625,102,0,LONG,FLAT,FLAT,FLAT,CHOP,,
2026-04-22 14:05 UTC,2026-03-08 16:00:00+00:00,2026-04-22 12:00:00+00:00,-0.034163,9658.37,-0.111213,-1.049165,102,0,LONG,FLAT,FLAT,FLAT,CHOP,,
2026-04-22 17:13 UTC,2026-03-08 16:00:00+00:00,2026-04-22 16:00:00+00:00,-0.033795,9662.05,-0.111261,-1.033171,102,0,LONG,FLAT,FLAT,FLAT,CHOP,,
2026-04-22 21:07 UTC,2026-03-08 16:00:00+00:00,2026-04-22 20:00:00+00:00,-0.036037,9639.63,-0.111365,-1.109095,102,0,LONG,FLAT,FLAT,FLAT,CHOP,,
2026-04-23 03:42 UTC,2026-03-08 16:00:00+00:00,2026-04-23 00:00:00+00:00,-0.040479,9595.21,-0.111415,-1.260144,102,0,LONG,FLAT,FLAT,FLAT,CHOP,,
2026-04-23 06:15 UTC,2026-03-08 16:00:00+00:00,2026-04-23 04:00:00+00:00,-0.037593,9624.07,-0.111398,-1.157355,102,0,LONG,FLAT,FLAT,FLAT,CHOP,,
2026-04-23 09:54 UTC,2026-03-08 16:00:00+00:00,2026-04-23 08:00:00+00:00,-0.040413,9595.87,-0.111398,-1.252858,102,0,LONG,FLAT,FLAT,FLAT,CHOP,,
2026-04-23 14:07 UTC,2026-03-08 16:00:00+00:00,2026-04-23 12:00:00+00:00,-0.040933,9590.67,-0.111398,-1.268682,102,0,LONG,FLAT,FLAT,FLAT,CHOP,,
2026-04-23 17:42 UTC,2026-03-08 16:00:00+00:00,2026-04-23 16:00:00+00:00,-0.042455,9575.45,-0.111398,-1.314526,102,0,LONG,FLAT,FLAT,FLAT,CHOP,,
2026-04-23 21:03 UTC,2026-03-08 16:00:00+00:00,2026-04-23 20:00:00+00:00,-0.039242,9607.58,-0.111398,-1.203845,102,0,LONG,FLAT,FLAT,FLAT,CHOP,,
2026-04-24 03:46 UTC,2026-03-08 16:00:00+00:00,2026-04-24 00:00:00+00:00,-0.040327,9596.73,-0.111398,-1.237472,103,1,LONG,FLAT,FLAT,FLAT,STRONG_TREND,,
2026-04-24 06:18 UTC,2026-03-08 16:00:00+00:00,2026-04-24 04:00:00+00:00,-0.0389,9611.0,-0.111398,-1.18644,104,1,LONG,FLAT,FLAT,FLAT,STRONG_TREND,,
2026-04-24 09:53 UTC,2026-03-08 16:00:00+00:00,2026-04-24 08:00:00+00:00,-0.041429,9585.71,-0.111398,-1.270928,104,0,LONG,FLAT,FLAT,FLAT,STRONG_TREND,,
2026-04-24 14:02 UTC,2026-03-08 16:00:00+00:00,2026-04-24 12:00:00+00:00,-0.039417,9605.83,-0.111398,-1.196665,105,0,LONG,FLAT,FLAT,FLAT,CHOP,,
2026-04-24 17:10 UTC,2026-03-08 16:00:00+00:00,2026-04-24 16:00:00+00:00,-0.041357,9586.43,-0.111398,-1.260169,105,0,LONG,FLAT,FLAT,FLAT,CHOP,,
2026-04-24 21:01 UTC,2026-03-08 16:00:00+00:00,2026-04-24 20:00:00+00:00,-0.041317,9586.83,-0.111398,-1.256063,105,0,LONG,FLAT,FLAT,FLAT,CHOP,,
2026-04-25 03:28 UTC,2026-03-08 16:00:00+00:00,2026-04-25 00:00:00+00:00,-0.042638,9573.62,-0.111398,-1.298255,105,0,LONG,FLAT,FLAT,FLAT,CHOP,,
2026-04-25 05:55 UTC,2026-03-08 16:00:00+00:00,2026-04-25 04:00:00+00:00,-0.043,9570.0,-0.111398,-1.307534,105,0,LONG,FLAT,FLAT,FLAT,CHOP,,
2026-04-25 09:06 UTC,2026-03-08 16:00:00+00:00,2026-04-25 08:00:00+00:00,-0.042113,9578.87,-0.111398,-1.275057,105,0,LONG,FLAT,FLAT,FLAT,CHOP,,
2026-04-25 13:36 UTC,2026-03-08 16:00:00+00:00,2026-04-25 12:00:00+00:00,-0.042132,9578.68,-0.111398,-1.273235,105,0,LONG,FLAT,FLAT,FLAT,CHOP,,
2026-04-25 16:58 UTC,2026-03-08 16:00:00+00:00,2026-04-25 16:00:00+00:00,-0.044147,9558.53,-0.111398,-1.337668,105,0,LONG,FLAT,FLAT,FLAT,CHOP,,
2026-04-25 20:53 UTC,2026-03-08 16:00:00+00:00,2026-04-25 20:00:00+00:00,-0.044668,9553.32,-0.11145,-1.353211,106,1,LONG,FLAT,FLAT,SHORT,CHOP,,
2026-04-26 03:52 UTC,2026-03-08 16:00:00+00:00,2026-04-26 00:00:00+00:00,-0.041116,9588.84,-0.110998,-1.229021,106,0,LONG,FLAT,FLAT,SHORT,CHOP,,
2026-04-26 06:18 UTC,2026-03-08 16:00:00+00:00,2026-04-26 04:00:00+00:00,-0.041292,9587.08,-0.110981,-1.232748,107,1,LONG,FLAT,FLAT,FLAT,CHOP,,
2026-04-26 09:11 UTC,2026-03-08 16:00:00+00:00,2026-04-26 08:00:00+00:00,-0.040991,9590.09,-0.110699,-1.219154,107,0,LONG,FLAT,FLAT,FLAT,CHOP,,
2026-04-26 13:37 UTC,2026-03-08 16:00:00+00:00,2026-04-26 12:00:00+00:00,-0.042364,9576.36,-0.110997,-1.264015,107,0,LONG,FLAT,FLAT,FLAT,CHOP,,
2026-04-26 16:58 UTC,2026-03-08 16:00:00+00:00,2026-04-26 16:00:00+00:00,-0.041845,9581.55,-0.110922,-1.244472,107,0,LONG,FLAT,FLAT,FLAT,CHOP,,
2026-04-26 20:54 UTC,2026-03-08 16:00:00+00:00,2026-04-26 20:00:00+00:00,-0.038959,9610.41,-0.110997,-1.14677,107,0,LONG,FLAT,FLAT,FLAT,CHOP,,
2026-04-27 03:55 UTC,2026-03-08 16:00:00+00:00,2026-04-27 00:00:00+00:00,-0.03113,9688.7,-0.111115,-0.884588,107,0,LONG,FLAT,FLAT,FLAT,CHOP,,
2026-04-27 06:39 UTC,2026-03-08 16:00:00+00:00,2026-04-27 04:00:00+00:00,-0.044898,9551.02,-0.111268,-1.317461,107,0,FLAT,FLAT,FLAT,FLAT,CHOP,,
2026-04-27 10:25 UTC,2026-03-08 16:00:00+00:00,2026-04-27 08:00:00+00:00,-0.044898,9551.02,-0.111268,-1.315261,107,0,FLAT,FLAT,FLAT,FLAT,CHOP,,
2026-04-27 14:23 UTC,2026-03-08 16:00:00+00:00,2026-04-27 12:00:00+00:00,-0.044898,9551.02,-0.111268,-1.313073,107,0,FLAT,FLAT,FLAT,FLAT,CHOP,,
2026-04-27 17:38 UTC,2026-03-08 16:00:00+00:00,2026-04-27 16:00:00+00:00,-0.044898,9551.02,-0.111268,-1.310896,107,0,FLAT,FLAT,FLAT,FLAT,CHOP,,
2026-04-27 21:14 UTC,2026-03-08 16:00:00+00:00,2026-04-27 20:00:00+00:00,-0.044863,9551.37,-0.111254,-1.307517,107,0,FLAT,FLAT,FLAT,FLAT,CHOP,,
2026-04-28 04:01 UTC,2026-03-08 16:00:00+00:00,2026-04-28 04:00:00+00:00,-0.044898,9551.02,-0.111268,-1.304428,107,0,FLAT,FLAT,FLAT,FLAT,CHOP,,
2026-04-28 10:24 UTC,2026-03-08 16:00:00+00:00,2026-04-28 08:00:00+00:00,-0.044898,9551.02,-0.111268,-1.302293,107,0,FLAT,FLAT,FLAT,FLAT,CHOP,,
2026-04-28 14:38 UTC,2026-03-08 16:00:00+00:00,2026-04-28 12:00:00+00:00,-0.044898,9551.02,-0.111268,-1.300169,107,0,FLAT,FLAT,FLAT,FLAT,CHOP,,
2026-04-28 17:54 UTC,2026-03-08 16:00:00+00:00,2026-04-28 16:00:00+00:00,-0.045485,9545.15,-0.111268,-1.316929,109,2,SHORT,SHORT,FLAT,FLAT,VOL_EXPAND,,
2026-04-28 21:16 UTC,2026-03-08 16:00:00+00:00,2026-04-28 20:00:00+00:00,-0.045749,9542.51,-0.111268,-1.323321,109,1,SHORT,SHORT,FLAT,FLAT,VOL_EXPAND,,
2026-04-29 03:58 UTC,2026-03-08 16:00:00+00:00,2026-04-29 00:00:00+00:00,-0.051801,9481.99,-0.111268,-1.511605,109,0,SHORT,SHORT,FLAT,FLAT,VOL_EXPAND,,
2026-04-29 06:33 UTC,2026-03-08 16:00:00+00:00,2026-04-29 04:00:00+00:00,-0.055845,9441.55,-0.111503,-1.6375,110,1,SHORT,FLAT,FLAT,FLAT,VOL_EXPAND,,
2026-04-29 10:17 UTC,2026-03-08 16:00:00+00:00,2026-04-29 08:00:00+00:00,-0.059635,9403.65,-0.11507,-1.75546,111,1,FLAT,FLAT,FLAT,FLAT,VOL_EXPAND,,
2026-04-29 13:53 UTC,2026-03-08 16:00:00+00:00,2026-04-29 12:00:00+00:00,-0.059605,9403.95,-0.115055,-1.751579,113,0,FLAT,FLAT,FLAT,FLAT,CHOP,51d 20h,BTC STOP_SHORT 16h
2026-04-29 17:46 UTC,2026-03-08 16:00:00+00:00,2026-04-29 16:00:00+00:00,-0.059605,9403.95,-0.115055,-1.748784,111,0,FLAT,FLAT,FLAT,FLAT,CHOP,,
2026-04-29 21:16 UTC,2026-03-08 16:00:00+00:00,2026-04-29 20:00:00+00:00,-0.063022,9369.78,-0.118257,-1.855176,113,0,SHORT,SHORT,FLAT,FLAT,CHOP,,
2026-04-30 03:59 UTC,2026-03-08 16:00:00+00:00,2026-04-30 00:00:00+00:00,-0.06419,9358.1,-0.119356,-1.889657,113,0,SHORT,SHORT,FLAT,FLAT,CHOP,,
2026-04-30 06:37 UTC,2026-03-08 16:00:00+00:00,2026-04-30 04:00:00+00:00,-0.063058,9369.42,-0.119189,-1.849939,113,0,SHORT,SHORT,FLAT,FLAT,CHOP,,
2026-04-30 10:18 UTC,2026-03-08 16:00:00+00:00,2026-04-30 08:00:00+00:00,-0.06531,9346.9,-0.120976,-1.918681,113,0,SHORT,SHORT,FLAT,FLAT,CHOP,,
2026-04-30 14:21 UTC,2026-03-08 16:00:00+00:00,2026-04-30 12:00:00+00:00,-0.066258,9337.42,-0.121316,-1.946436,113,0,SHORT,SHORT,FLAT,FLAT,CHOP,,
2026-04-30 17:40 UTC,2026-03-08 16:00:00+00:00,2026-04-30 16:00:00+00:00,-0.065235,9347.65,-0.123053,-1.907508,113,0,SHORT,SHORT,FLAT,FLAT,CHOP,,
2026-04-30 21:13 UTC,2026-03-08 16:00:00+00:00,2026-04-30 20:00:00+00:00,-0.067847,9321.53,-0.123141,-1.990484,113,0,SHORT,SHORT,FLAT,FLAT,CHOP,,
2026-05-01 04:12 UTC,2026-03-08 16:00:00+00:00,2026-05-01 04:00:00+00:00,-0.073226,9267.74,-0.127827,-2.149877,115,2,FLAT,FLAT,FLAT,FLAT,CHOP,,
2026-05-01 09:56 UTC,2026-03-08 16:00:00+00:00,2026-05-01 08:00:00+00:00,-0.073105,9268.95,-0.127777,-2.142073,115,0,FLAT,FLAT,FLAT,FLAT,CHOP,,
2026-05-01 13:50 UTC,2026-03-08 16:00:00+00:00,2026-05-01 12:00:00+00:00,-0.073292,9267.08,-0.127854,-2.145693,115,0,FLAT,FLAT,FLAT,FLAT,CHOP,,
2026-05-01 17:10 UTC,2026-03-08 16:00:00+00:00,2026-05-01 16:00:00+00:00,-0.073593,9264.07,-0.128138,-2.152034,116,1,FLAT,FLAT,SHORT,FLAT,CHOP,,
2026-05-01 21:05 UTC,2026-03-08 16:00:00+00:00,2026-05-01 20:00:00+00:00,-0.071432,9285.68,-0.128139,-2.078794,116,0,FLAT,FLAT,SHORT,FLAT,CHOP,,
2026-05-02 03:46 UTC,2026-03-08 16:00:00+00:00,2026-05-02 00:00:00+00:00,-0.073633,9263.67,-0.128175,-2.146575,116,0,FLAT,FLAT,SHORT,FLAT,CHOP,,
2026-05-02 06:18 UTC,2026-03-08 16:00:00+00:00,2026-05-02 04:00:00+00:00,-0.072921,9270.79,-0.128321,-2.120397,116,0,FLAT,FLAT,SHORT,FLAT,CHOP,,
2026-05-02 09:18 UTC,2026-03-08 16:00:00+00:00,2026-05-02 08:00:00+00:00,-0.07386,9261.4,-0.128477,-2.146057,117,1,LONG,FLAT,SHORT,FLAT,STRONG_TREND,,
2026-05-02 13:43 UTC,2026-03-08 16:00:00+00:00,2026-05-02 12:00:00+00:00,-0.072082,9279.18,-0.1283,-2.086885,117,0,LONG,FLAT,SHORT,FLAT,STRONG_TREND,,
2026-05-02 17:02 UTC,2026-03-08 16:00:00+00:00,2026-05-02 16:00:00+00:00,-0.071605,9283.95,-0.1283,-2.068322,117,0,LONG,FLAT,SHORT,FLAT,STRONG_TREND,,
2026-05-02 20:55 UTC,2026-03-08 16:00:00+00:00,2026-05-02 20:00:00+00:00,-0.072295,9277.05,-0.128212,-2.085846,119,2,LONG,FLAT,LONG,FLAT,STRONG_TREND,,
2026-05-03 04:06 UTC,2026-03-08 16:00:00+00:00,2026-05-03 04:00:00+00:00,-0.080317,9196.83,-0.134564,-2.320014,119,0,LONG,FLAT,LONG,FLAT,STRONG_TREND,,
2026-05-03 09:39 UTC,2026-03-08 16:00:00+00:00,2026-05-03 08:00:00+00:00,-0.074136,9258.64,-0.134118,-2.11941,119,0,LONG,FLAT,LONG,FLAT,STRONG_TREND,,
2026-05-03 13:44 UTC,2026-03-08 16:00:00+00:00,2026-05-03 12:00:00+00:00,-0.07337,9266.3,-0.134296,-2.089943,119,0,LONG,FLAT,LONG,FLAT,STRONG_TREND,,
2026-05-03 17:04 UTC,2026-03-08 16:00:00+00:00,2026-05-03 16:00:00+00:00,-0.073323,9266.77,-0.134139,-2.084015,119,0,LONG,FLAT,LONG,FLAT,STRONG_TREND,,
2026-05-03 20:58 UTC,2026-03-08 16:00:00+00:00,2026-05-03 20:00:00+00:00,-0.070125,9298.75,-0.134075,-1.98139,120,0,LONG,LONG,LONG,FLAT,STRONG_TREND,,
2026-05-04 04:03 UTC,2026-03-08 16:00:00+00:00,2026-05-04 04:00:00+00:00,-0.023673,9763.27,-0.13408,-0.444844,122,2,LONG,LONG,LONG,LONG,STRONG_TREND,,
2026-05-04 10:22 UTC,2026-03-08 16:00:00+00:00,2026-05-04 08:00:00+00:00,-0.086162,9138.38,-0.140046,-1.84545,125,3,FLAT,FLAT,FLAT,FLAT,STRONG_TREND,,
2026-05-04 14:26 UTC,2026-03-08 16:00:00+00:00,2026-05-04 12:00:00+00:00,-0.080306,9196.94,-0.14094,-1.691625,128,0,LONG,LONG,FLAT,LONG,STRONG_TREND,,
2026-05-04 17:49 UTC,2026-03-08 16:00:00+00:00,2026-05-04 16:00:00+00:00,-0.067767,9322.33,-0.140985,-1.380903,130,2,LONG,LONG,FLAT,FLAT,STRONG_TREND,,
2026-05-04 21:16 UTC,2026-03-08 16:00:00+00:00,2026-05-04 20:00:00+00:00,-0.072681,9273.19,-0.140928,-1.497563,130,0,LONG,LONG,FLAT,FLAT,STRONG_TREND,,
2026-05-05 03:45 UTC,2026-03-08 16:00:00+00:00,2026-05-05 00:00:00+00:00,-0.061356,9386.44,-0.140977,-1.215306,132,2,LONG,LONG,FLAT,FLAT,STRONG_TREND,,
2026-05-05 06:26 UTC,2026-03-08 16:00:00+00:00,2026-05-05 04:00:00+00:00,-0.064892,9351.08,-0.140912,-1.29573,133,1,LONG,LONG,FLAT,FLAT,STRONG_TREND,,
2026-05-05 10:10 UTC,2026-03-08 16:00:00+00:00,2026-05-05 08:00:00+00:00,-0.066665,9333.35,-0.140969,-1.334575,133,0,LONG,LONG,FLAT,FLAT,STRONG_TREND,,
2026-05-05 14:20 UTC,2026-03-08 16:00:00+00:00,2026-05-05 12:00:00+00:00,-0.061381,9386.19,-0.14094,-1.212,133,0,LONG,LONG,FLAT,FLAT,STRONG_TREND,,
2026-05-05 17:45 UTC,2026-03-08 16:00:00+00:00,2026-05-05 16:00:00+00:00,-0.06088,9391.2,-0.141028,-1.194371,133,0,LONG,LONG,FLAT,FLAT,STRONG_TREND,,
2026-05-05 21:12 UTC,2026-03-08 16:00:00+00:00,2026-05-05 20:00:00+00:00,-0.052651,9473.49,-0.140926,-1.007708,133,0,LONG,LONG,FLAT,FLAT,STRONG_TREND,,
2026-05-06 03:59 UTC,2026-03-08 16:00:00+00:00,2026-05-06 00:00:00+00:00,-0.055176,9448.24,-0.141038,-1.050616,133,0,LONG,LONG,FLAT,FLAT,STRONG_TREND,,
2026-05-06 06:41 UTC,2026-03-08 16:00:00+00:00,2026-05-06 04:00:00+00:00,-0.058587,9414.13,-0.1412,-1.125507,133,0,LONG,LONG,FLAT,FLAT,STRONG_TREND,,
2026-05-06 10:26 UTC,2026-03-08 16:00:00+00:00,2026-05-06 08:00:00+00:00,-0.041136,9588.64,-0.1411,-0.723885,134,1,LONG,LONG,FLAT,FLAT,STRONG_TREND,,
2026-05-06 14:41 UTC,2026-03-08 16:00:00+00:00,2026-05-06 12:00:00+00:00,-0.056227,9437.73,-0.140917,-1.024187,134,0,LONG,LONG,FLAT,FLAT,STRONG_TREND,,
2026-05-06 17:49 UTC,2026-03-08 16:00:00+00:00,2026-05-06 16:00:00+00:00,-0.062338,9376.62,-0.140917,-1.147876,134,0,LONG,FLAT,FLAT,FLAT,STRONG_TREND,,
2026-05-06 21:19 UTC,2026-03-08 16:00:00+00:00,2026-05-06 20:00:00+00:00,-0.062896,9371.04,-0.141004,-1.159062,134,0,LONG,FLAT,FLAT,FLAT,STRONG_TREND,,
2026-05-07 03:59 UTC,2026-03-08 16:00:00+00:00,2026-05-07 00:00:00+00:00,-0.069758,9302.42,-0.141004,-1.302449,135,1,LONG,FLAT,LONG,FLAT,STRONG_TREND,,
2026-05-07 06:48 UTC,2026-03-08 16:00:00+00:00,2026-05-07 04:00:00+00:00,-0.06242,9375.8,-0.141004,-1.138801,135,0,LONG,FLAT,LONG,FLAT,STRONG_TREND,,
2026-05-07 10:33 UTC,2026-03-08 16:00:00+00:00,2026-05-07 08:00:00+00:00,-0.072414,9275.86,-0.141004,-1.337185,136,1,LONG,FLAT,FLAT,FLAT,STRONG_TREND,,
2026-05-07 14:43 UTC,2026-03-08 16:00:00+00:00,2026-05-07 12:00:00+00:00,-0.078514,9214.86,-0.141004,-1.465018,136,0,LONG,FLAT,FLAT,FLAT,STRONG_TREND,,
2026-05-07 17:56 UTC,2026-03-08 16:00:00+00:00,2026-05-07 16:00:00+00:00,-0.08311,9168.9,-0.141004,-1.555206,137,1,LONG,FLAT,FLAT,FLAT,STRONG_TREND,,
2026-05-07 21:12 UTC,2026-03-08 16:00:00+00:00,2026-05-07 20:00:00+00:00,-0.083668,9163.32,-0.141004,-1.565022,137,0,LONG,FLAT,FLAT,FLAT,STRONG_TREND,,
2026-05-08 03:50 UTC,2026-03-08 16:00:00+00:00,2026-05-08 00:00:00+00:00,-0.0838,9162.0,-0.140917,-1.564751,138,1,FLAT,FLAT,FLAT,FLAT,STRONG_TREND,,
2026-05-08 06:06 UTC,2026-03-08 16:00:00+00:00,2026-05-08 04:00:00+00:00,-0.083817,9161.83,-0.140917,-1.562951,138,0,FLAT,FLAT,FLAT,FLAT,STRONG_TREND,,
2026-05-08 09:48 UTC,2026-03-08 16:00:00+00:00,2026-05-08 08:00:00+00:00,-0.083817,9161.83,-0.140917,-1.560812,138,0,FLAT,FLAT,FLAT,FLAT,CHOP,,
2026-05-08 14:11 UTC,2026-03-08 16:00:00+00:00,2026-05-08 12:00:00+00:00,-0.083817,9161.83,-0.140917,-1.558687,138,0,FLAT,FLAT,FLAT,FLAT,CHOP,,
2026-05-08 17:41 UTC,2026-03-08 16:00:00+00:00,2026-05-08 16:00:00+00:00,-0.083817,9161.83,-0.140917,-1.556565,138,0,FLAT,FLAT,FLAT,FLAT,CHOP,,
2026-05-08 21:13 UTC,2026-03-08 16:00:00+00:00,2026-05-08 20:00:00+00:00,-0.083817,9161.83,-0.140917,-1.554453,138,0,FLAT,FLAT,FLAT,FLAT,CHOP,,
2026-05-09 03:51 UTC,2026-03-08 16:00:00+00:00,2026-05-09 00:00:00+00:00,-0.083817,9161.83,-0.140917,-1.552348,138,0,FLAT,FLAT,FLAT,FLAT,CHOP,,
2026-05-09 06:25 UTC,2026-03-08 16:00:00+00:00,2026-05-09 04:00:00+00:00,-0.083817,9161.83,-0.140917,-1.550247,138,0,FLAT,FLAT,FLAT,FLAT,CHOP,,
2026-05-09 09:41 UTC,2026-03-08 16:00:00+00:00,2026-05-09 08:00:00+00:00,-0.084022,9159.78,-0.140844,-1.551727,139,1,FLAT,FLAT,FLAT,SHORT,CHOP,,
2026-05-09 13:47 UTC,2026-03-08 16:00:00+00:00,2026-05-09 12:00:00+00:00,-0.083866,9161.34,-0.140844,-1.546326,139,0,FLAT,FLAT,FLAT,SHORT,CHOP,,
2026-05-09 17:07 UTC,2026-03-08 16:00:00+00:00,2026-05-09 16:00:00+00:00,-0.084981,9150.19,-0.140844,-1.567795,140,0,FLAT,FLAT,FLAT,FLAT,CHOP,,
2026-05-09 20:58 UTC,2026-03-08 16:00:00+00:00,2026-05-09 20:00:00+00:00,-0.084981,9150.19,-0.140844,-1.565701,140,0,FLAT,FLAT,FLAT,FLAT,CHOP,,
2026-05-10 04:09 UTC,2026-03-08 16:00:00+00:00,2026-05-10 04:00:00+00:00,-0.084979,9150.21,-0.140843,-1.561483,140,0,FLAT,FLAT,FLAT,FLAT,CHOP,,
2026-05-10 09:45 UTC,2026-03-08 16:00:00+00:00,2026-05-10 08:00:00+00:00,-0.084979,9150.21,-0.140843,-1.559414,140,0,FLAT,FLAT,FLAT,FLAT,CHOP,,
2026-05-10 13:50 UTC,2026-03-08 16:00:00+00:00,2026-05-10 12:00:00+00:00,-0.085956,9140.44,-0.140843,-1.577852,141,1,LONG,FLAT,FLAT,FLAT,STRONG_TREND,,
2026-05-10 17:08 UTC,2026-03-08 16:00:00+00:00,2026-05-10 16:00:00+00:00,-0.088187,9118.13,-0.142045,-1.622357,141,0,LONG,FLAT,FLAT,FLAT,STRONG_TREND,,
2026-05-10 21:00 UTC,2026-03-08 16:00:00+00:00,2026-05-10 20:00:00+00:00,-0.099359,9006.41,-0.152557,-1.841887,143,2,LONG,FLAT,FLAT,FLAT,STRONG_TREND,,
2026-05-11 04:19 UTC,2026-03-08 16:00:00+00:00,2026-05-11 04:00:00+00:00,-0.111458,8885.42,-0.163942,-2.080899,144,1,FLAT,FLAT,FLAT,FLAT,STRONG_TREND,,
2026-05-11 11:33 UTC,2026-03-08 16:00:00+00:00,2026-05-11 08:00:00+00:00,-0.112169,8878.31,-0.164522,-2.09453,145,1,LONG,FLAT,FLAT,FLAT,STRONG_TREND,,
2026-05-11 15:33 UTC,2026-03-08 16:00:00+00:00,2026-05-11 12:00:00+00:00,-0.11192,8880.8,-0.16452,-2.08637,146,1,LONG,FLAT,LONG,FLAT,STRONG_TREND,,
2026-05-11 18:02 UTC,2026-03-08 16:00:00+00:00,2026-05-11 16:00:00+00:00,-0.102746,8972.54,-0.164523,-1.88474,146,0,LONG,FLAT,LONG,FLAT,STRONG_TREND,,
2026-05-11 21:38 UTC,2026-03-08 16:00:00+00:00,2026-05-11 20:00:00+00:00,-0.106548,8934.52,-0.16452,-1.959999,146,0,LONG,FLAT,LONG,FLAT,STRONG_TREND,,
2026-05-12 04:01 UTC,2026-03-08 16:00:00+00:00,2026-05-12 04:00:00+00:00,-0.117537,8824.63,-0.169574,-2.174648,149,3,FLAT,FLAT,FLAT,LONG,STRONG_TREND,,
2026-05-12 10:40 UTC,2026-03-08 16:00:00+00:00,2026-05-12 08:00:00+00:00,-0.118912,8810.88,-0.170829,-2.201253,149,0,FLAT,FLAT,FLAT,LONG,STRONG_TREND,,
2026-05-12 14:46 UTC,2026-03-08 16:00:00+00:00,2026-05-12 12:00:00+00:00,-0.120217,8797.83,-0.172105,-2.225107,150,1,FLAT,SHORT,FLAT,LONG,STRONG_TREND,,
2026-05-12 18:11 UTC,2026-03-08 16:00:00+00:00,2026-05-12 16:00:00+00:00,-0.122128,8778.72,-0.173894,-2.261815,150,0,FLAT,SHORT,FLAT,LONG,STRONG_TREND,,
2026-05-12 21:36 UTC,2026-03-08 16:00:00+00:00,2026-05-12 20:00:00+00:00,-0.122154,8778.46,-0.173928,-2.259358,150,0,FLAT,SHORT,FLAT,LONG,STRONG_TREND,,
2026-05-13 04:09 UTC,2026-03-08 16:00:00+00:00,2026-05-13 04:00:00+00:00,-0.123021,8769.79,-0.174744,-2.27184,152,2,LONG,FLAT,FLAT,LONG,STRONG_TREND,,
2026-05-13 10:39 UTC,2026-03-08 16:00:00+00:00,2026-05-13 08:00:00+00:00,-0.12397,8760.3,-0.175597,-2.289582,154,2,FLAT,FLAT,FLAT,FLAT,STRONG_TREND,,
2026-05-13 15:11 UTC,2026-03-08 16:00:00+00:00,2026-05-13 12:00:00+00:00,-0.132343,8676.57,-0.183516,-2.458668,154,1,FLAT,FLAT,FLAT,FLAT,STRONG_TREND,,
2026-05-13 18:08 UTC,2026-03-08 16:00:00+00:00,2026-05-13 16:00:00+00:00,-0.132423,8675.77,-0.183544,-2.457965,154,0,FLAT,FLAT,FLAT,FLAT,STRONG_TREND,,
2026-05-13 21:42 UTC,2026-03-08 16:00:00+00:00,2026-05-13 20:00:00+00:00,-0.132423,8675.77,-0.183544,-2.454874,154,0,FLAT,FLAT,FLAT,FLAT,STRONG_TREND,,
2026-05-14 04:09 UTC,2026-03-08 16:00:00+00:00,2026-05-14 04:00:00+00:00,-0.132673,8673.27,-0.183775,-2.454072,155,1,FLAT,FLAT,FLAT,SHORT,STRONG_TREND_BEAR,,
2026-05-14 10:29 UTC,2026-03-08 16:00:00+00:00,2026-05-14 08:00:00+00:00,-0.132446,8675.54,-0.183748,-2.446147,155,0,FLAT,FLAT,FLAT,SHORT,STRONG_TREND_BEAR,,
2026-05-14 14:35 UTC,2026-03-08 16:00:00+00:00,2026-05-14 12:00:00+00:00,-0.131905,8680.95,-0.183808,-2.431861,155,0,FLAT,FLAT,FLAT,SHORT,STRONG_TREND_BEAR,,
2026-05-14 18:05 UTC,2026-03-08 16:00:00+00:00,2026-05-14 16:00:00+00:00,-0.135733,8642.67,-0.187591,-2.503605,156,0,FLAT,FLAT,FLAT,FLAT,STRONG_TREND,,
2026-05-14 21:20 UTC,2026-03-08 16:00:00+00:00,2026-05-14 20:00:00+00:00,-0.137195,8628.05,-0.187839,-2.536395,156,0,FLAT,FLAT,FLAT,FLAT,STRONG_TREND,,
2026-05-15 04:14 UTC,2026-03-08 16:00:00+00:00,2026-05-15 04:00:00+00:00,-0.13613,8638.7,-0.187762,-2.505593,156,0,FLAT,FLAT,FLAT,FLAT,STRONG_TREND,,
2026-05-15 10:35 UTC,2026-03-08 16:00:00+00:00,2026-05-15 08:00:00+00:00,-0.136118,8638.82,-0.187757,-2.502173,156,0,FLAT,FLAT,FLAT,FLAT,STRONG_TREND,,
2026-05-15 14:30 UTC,2026-03-08 16:00:00+00:00,2026-05-15 12:00:00+00:00,-0.137667,8623.33,-0.188045,-2.537355,156,0,FLAT,FLAT,FLAT,FLAT,STRONG_TREND,,
2026-05-15 17:50 UTC,2026-03-08 16:00:00+00:00,2026-05-15 16:00:00+00:00,-0.1377,8623.0,-0.18806,-2.535187,156,0,FLAT,FLAT,FLAT,FLAT,STRONG_TREND_BEAR,,
2026-05-15 21:16 UTC,2026-03-08 16:00:00+00:00,2026-05-15 20:00:00+00:00,-0.137666,8623.34,-0.188045,-2.531111,156,0,FLAT,FLAT,FLAT,FLAT,STRONG_TREND_BEAR,,
2026-05-16 03:56 UTC,2026-03-08 16:00:00+00:00,2026-05-16 00:00:00+00:00,-0.13775,8622.5,-0.188081,-2.530406,156,0,FLAT,FLAT,FLAT,FLAT,CHOP,,
2026-05-16 06:30 UTC,2026-03-08 16:00:00+00:00,2026-05-16 04:00:00+00:00,-0.137674,8623.26,-0.188048,-2.525204,156,0,FLAT,FLAT,FLAT,FLAT,CHOP,,
2026-05-16 09:49 UTC,2026-03-08 16:00:00+00:00,2026-05-16 08:00:00+00:00,-0.13775,8622.5,-0.188081,-2.524273,156,0,FLAT,FLAT,FLAT,FLAT,CHOP,,
2026-05-16 13:54 UTC,2026-03-08 16:00:00+00:00,2026-05-16 12:00:00+00:00,-0.13775,8622.5,-0.188081,-2.521216,156,0,FLAT,FLAT,FLAT,FLAT,CHOP,,
2026-05-16 17:11 UTC,2026-03-08 16:00:00+00:00,2026-05-16 16:00:00+00:00,-0.137768,8622.32,-0.18809,-2.518707,156,0,FLAT,FLAT,FLAT,FLAT,CHOP,,
2026-05-16 21:00 UTC,2026-03-08 16:00:00+00:00,2026-05-16 20:00:00+00:00,-0.13775,8622.5,-0.188081,-2.515145,156,0,FLAT,FLAT,FLAT,FLAT,CHOP,,
2026-05-17 04:16 UTC,2026-03-08 16:00:00+00:00,2026-05-17 04:00:00+00:00,-0.138392,8616.08,-0.188675,-2.522648,157,1,FLAT,FLAT,FLAT,SHORT,STRONG_TREND_BEAR,,
2026-05-17 09:58 UTC,2026-03-08 16:00:00+00:00,2026-05-17 08:00:00+00:00,-0.13979,8602.1,-0.190039,-2.547905,157,0,FLAT,FLAT,FLAT,SHORT,STRONG_TREND_BEAR,,
2026-05-17 13:53 UTC,2026-03-08 16:00:00+00:00,2026-05-17 12:00:00+00:00,-0.140055,8599.45,-0.190305,-2.550127,157,0,FLAT,FLAT,FLAT,SHORT,STRONG_TREND_BEAR,,
2026-05-17 17:10 UTC,2026-03-08 16:00:00+00:00,2026-05-17 16:00:00+00:00,-0.138632,8613.68,-0.190225,-2.518109,158,1,FLAT,FLAT,SHORT,SHORT,STRONG_TREND_BEAR,,
2026-05-17 21:05 UTC,2026-03-08 16:00:00+00:00,2026-05-17 20:00:00+00:00,-0.138282,8617.18,-0.19092,-2.506781,158,0,FLAT,FLAT,SHORT,SHORT,STRONG_TREND_BEAR,,
2026-05-18 04:37 UTC,2026-03-08 16:00:00+00:00,2026-05-18 04:00:00+00:00,-0.110889,8891.11,-0.190919,-1.89769,158,0,FLAT,FLAT,SHORT,SHORT,STRONG_TREND_BEAR,,
2026-05-18 11:52 UTC,2026-03-08 16:00:00+00:00,2026-05-18 08:00:00+00:00,-0.117103,8828.97,-0.190865,-2.015951,158,0,FLAT,FLAT,SHORT,SHORT,STRONG_TREND_BEAR,,
2026-05-18 15:54 UTC,2026-03-08 16:00:00+00:00,2026-05-18 12:00:00+00:00,-0.10384,8961.6,-0.190865,-1.738177,158,0,FLAT,FLAT,SHORT,SHORT,STRONG_TREND_BEAR,,
2026-05-18 18:07 UTC,2026-03-08 16:00:00+00:00,2026-05-18 16:00:00+00:00,-0.104202,8957.98,-0.190865,-1.74404,158,0,FLAT,FLAT,SHORT,SHORT,STRONG_TREND_BEAR,,
2026-05-18 21:22 UTC,2026-03-08 16:00:00+00:00,2026-05-18 20:00:00+00:00,-0.118926,8810.74,-0.186592,-2.059468,161,1,FLAT,FLAT,SHORT,FLAT,STRONG_TREND_BEAR,,
2026-05-19 04:21 UTC,2026-03-08 16:00:00+00:00,2026-05-19 04:00:00+00:00,-0.11749,8825.1,-0.186695,-2.019245,163,0,FLAT,FLAT,SHORT,FLAT,STRONG_TREND_BEAR,,
2026-05-19 11:30 UTC,2026-03-08 16:00:00+00:00,2026-05-19 08:00:00+00:00,-0.118665,8813.35,-0.186507,-2.037194,164,1,FLAT,FLAT,FLAT,FLAT,STRONG_TREND_BEAR,,
2026-05-19 15:45 UTC,2026-03-08 16:00:00+00:00,2026-05-19 12:00:00+00:00,-0.116375,8836.25,-0.18124,-2.028612,161,0,FLAT,FLAT,FLAT,FLAT,STRONG_TREND_BEAR,,
2026-05-19 18:13 UTC,2026-03-08 16:00:00+00:00,2026-05-19 16:00:00+00:00,-0.116375,8836.25,-0.18124,-2.026269,161,0,FLAT,FLAT,FLAT,FLAT,STRONG_TREND_BEAR,,
2026-05-19 21:41 UTC,2026-03-08 16:00:00+00:00,2026-05-19 20:00:00+00:00,-0.11463,8853.7,-0.181217,-1.983216,161,0,FLAT,FLAT,FLAT,FLAT,STRONG_TREND_BEAR,,
2026-05-20 04:23 UTC,2026-03-08 16:00:00+00:00,2026-05-20 04:00:00+00:00,-0.114653,8853.47,-0.181252,-1.979177,161,0,FLAT,FLAT,FLAT,FLAT,STRONG_TREND_BEAR,,
2026-05-20 11:17 UTC,2026-03-08 16:00:00+00:00,2026-05-20 08:00:00+00:00,-0.116378,8836.22,-0.181246,-2.017057,161,0,FLAT,FLAT,FLAT,FLAT,STRONG_TREND_BEAR,,
2026-05-20 15:52 UTC,2026-03-08 16:00:00+00:00,2026-05-20 12:00:00+00:00,-0.116401,8835.99,-0.181283,-2.015257,161,0,FLAT,FLAT,FLAT,FLAT,STRONG_TREND_BEAR,,
2026-05-20 18:28 UTC,2026-03-08 16:00:00+00:00,2026-05-20 16:00:00+00:00,-0.116349,8836.51,-0.181197,-2.011803,161,0,FLAT,FLAT,FLAT,FLAT,STRONG_TREND_BEAR,,
2026-05-20 22:03 UTC,2026-03-08 16:00:00+00:00,2026-05-20 20:00:00+00:00,-0.117049,8829.51,-0.186641,-1.983972,164,0,FLAT,FLAT,FLAT,FLAT,STRONG_TREND_BEAR,,
2026-05-21 04:40 UTC,2026-03-08 16:00:00+00:00,2026-05-21 04:00:00+00:00,-0.117393,8826.07,-0.190814,-1.962461,164,0,FLAT,FLAT,FLAT,FLAT,STRONG_TREND_BEAR,,
2026-05-21 11:35 UTC,2026-03-08 16:00:00+00:00,2026-05-21 08:00:00+00:00,-0.116333,8836.67,-0.190927,-1.930565,160,0,FLAT,FLAT,FLAT,FLAT,STRONG_TREND_BEAR,,
2026-05-21 15:49 UTC,2026-03-08 16:00:00+00:00,2026-05-21 12:00:00+00:00,-0.117974,8820.26,-0.190987,-1.956272,162,0,FLAT,FLAT,FLAT,FLAT,CHOP,,
2026-05-21 18:08 UTC,2026-03-08 16:00:00+00:00,2026-05-21 16:00:00+00:00,-0.117263,8827.37,-0.190853,-1.943105,162,0,FLAT,FLAT,FLAT,FLAT,CHOP,,
2026-05-21 21:45 UTC,2026-03-08 16:00:00+00:00,2026-05-21 20:00:00+00:00,-0.117263,8827.37,-0.190853,-1.940927,162,0,FLAT,FLAT,FLAT,FLAT,CHOP,,
2026-05-22 04:24 UTC,2026-03-08 16:00:00+00:00,2026-05-22 04:00:00+00:00,-0.117263,8827.37,-0.190853,-1.936592,162,0,FLAT,FLAT,FLAT,FLAT,CHOP,,
2026-05-22 11:13 UTC,2026-03-08 16:00:00+00:00,2026-05-22 08:00:00+00:00,-0.11298,8870.2,-0.1911,-1.855829,160,0,FLAT,FLAT,FLAT,FLAT,CHOP,,
2026-05-22 15:17 UTC,2026-03-08 16:00:00+00:00,2026-05-22 12:00:00+00:00,-0.116333,8836.67,-0.190927,-1.915499,160,0,FLAT,FLAT,FLAT,FLAT,CHOP,,
2026-05-22 18:00 UTC,2026-03-08 16:00:00+00:00,2026-05-22 16:00:00+00:00,-0.116333,8836.67,-0.190927,-1.913375,160,0,FLAT,FLAT,FLAT,FLAT,CHOP,,
2026-05-22 21:20 UTC,2026-03-08 16:00:00+00:00,2026-05-22 20:00:00+00:00,-0.117263,8827.37,-0.190853,-1.928008,162,0,FLAT,FLAT,FLAT,FLAT,CHOP,,
2026-05-23 04:04 UTC,2026-03-08 16:00:00+00:00,2026-05-23 04:00:00+00:00,-0.117393,8826.07,-0.190814,-1.936364,164,0,FLAT,FLAT,FLAT,FLAT,CHOP,,
2026-05-23 13:59 UTC,2026-03-08 16:00:00+00:00,2026-05-23 12:00:00+00:00,-0.11477,8852.3,-0.181434,-1.937836,161,0,FLAT,FLAT,FLAT,FLAT,CHOP,,
2026-05-23 17:14 UTC,2026-03-08 16:00:00+00:00,2026-05-23 16:00:00+00:00,-0.116516,8834.84,-0.181473,-1.9754,161,0,FLAT,FLAT,FLAT,FLAT,STRONG_TREND_BEAR,,
2026-05-23 21:05 UTC,2026-03-08 16:00:00+00:00,2026-05-23 20:00:00+00:00,-0.114707,8852.93,-0.181336,-1.932245,161,0,FLAT,FLAT,FLAT,FLAT,CHOP,,
2026-05-24 04:34 UTC,2026-03-08 16:00:00+00:00,2026-05-24 04:00:00+00:00,-0.103495,8965.05,-0.181845,-1.720996,161,0,FLAT,FLAT,FLAT,FLAT,CHOP,,
2026-05-24 10:04 UTC,2026-03-08 16:00:00+00:00,2026-05-24 08:00:00+00:00,-0.110012,8899.88,-0.18155,-1.840341,163,0,FLAT,FLAT,FLAT,FLAT,CHOP,,
2026-05-24 13:55 UTC,2026-03-08 16:00:00+00:00,2026-05-24 12:00:00+00:00,-0.112601,8873.99,-0.190946,-1.823244,160,0,FLAT,FLAT,FLAT,FLAT,CHOP,,
2026-05-24 17:13 UTC,2026-03-08 16:00:00+00:00,2026-05-24 16:00:00+00:00,-0.11715,8828.5,-0.190755,-1.903096,162,0,FLAT,FLAT,FLAT,FLAT,CHOP,,
2026-05-24 21:08 UTC,2026-03-08 16:00:00+00:00,2026-05-24 20:00:00+00:00,-0.116379,8836.21,-0.190914,-1.886964,160,0,FLAT,FLAT,FLAT,FLAT,CHOP,,
2026-05-25 04:47 UTC,2026-03-08 16:00:00+00:00,2026-05-25 04:00:00+00:00,-0.112987,8870.13,-0.191123,-1.821839,160,0,FLAT,FLAT,FLAT,FLAT,CHOP,,
2026-05-25 11:58 UTC,2026-03-08 16:00:00+00:00,2026-05-25 08:00:00+00:00,-0.116272,8837.28,-0.190815,-1.879137,160,0,FLAT,FLAT,FLAT,FLAT,CHOP,,
2026-05-25 15:27 UTC,2026-03-08 16:00:00+00:00,2026-05-25 12:00:00+00:00,-0.114261,8857.39,-0.181336,-1.909708,161,0,FLAT,FLAT,FLAT,FLAT,CHOP,,
2026-05-25 17:51 UTC,2026-03-08 16:00:00+00:00,2026-05-25 16:00:00+00:00,-0.116432,8835.68,-0.181333,-1.948187,161,0,FLAT,FLAT,FLAT,FLAT,CHOP,,
2026-05-25 21:20 UTC,2026-03-08 16:00:00+00:00,2026-05-25 20:00:00+00:00,-0.117153,8828.47,-0.19076,-1.888944,162,0,FLAT,FLAT,FLAT,FLAT,CHOP,,
2026-05-26 04:21 UTC,2026-03-08 16:00:00+00:00,2026-05-26 04:00:00+00:00,-0.111382,8886.18,-0.186832,-1.802444,160,0,FLAT,FLAT,FLAT,FLAT,STRONG_TREND_BEAR,,
2026-05-26 16:04 UTC,2026-03-08 16:00:00+00:00,2026-05-26 16:00:00+00:00,-0.115856,8841.44,-0.195848,-1.828246,165,2,SHORT,FLAT,SHORT,FLAT,STRONG_TREND_BEAR,,
2026-05-26 21:56 UTC,2026-03-08 16:00:00+00:00,2026-05-26 20:00:00+00:00,-0.117194,8828.06,-0.195614,-1.846094,167,0,SHORT,FLAT,SHORT,FLAT,STRONG_TREND_BEAR,,
2026-05-27 04:44 UTC,2026-03-08 16:00:00+00:00,2026-05-27 04:00:00+00:00,-0.102281,8977.19,-0.186851,-1.620534,162,0,SHORT,FLAT,SHORT,FLAT,STRONG_TREND_BEAR,,
2026-05-27 16:08 UTC,2026-03-08 16:00:00+00:00,2026-05-27 16:00:00+00:00,-0.0992,9008.0,-0.196023,-1.531672,166,1,SHORT,FLAT,FLAT,FLAT,STRONG_TREND_BEAR,,
2026-05-27 22:06 UTC,2026-03-08 16:00:00+00:00,2026-05-27 20:00:00+00:00,-0.09093,9090.7,-0.187226,-1.422044,163,0,SHORT,FLAT,FLAT,FLAT,CHOP,,
2026-05-28 04:34 UTC,2026-03-08 16:00:00+00:00,2026-05-28 04:00:00+00:00,-0.073552,9264.48,-0.196119,-1.067967,161,0,SHORT,FLAT,FLAT,FLAT,CHOP,,
2026-05-28 11:48 UTC,2026-03-08 16:00:00+00:00,2026-05-28 08:00:00+00:00,-0.079879,9201.21,-0.191879,-1.178719,163,0,SHORT,FLAT,FLAT,FLAT,CHOP,,
2026-05-28 16:22 UTC,2026-03-08 16:00:00+00:00,2026-05-28 16:00:00+00:00,-0.069707,9302.93,-0.192001,-1.000908,161,0,SHORT,FLAT,FLAT,FLAT,STRONG_TREND_BEAR,,
2026-05-28 22:03 UTC,2026-03-08 16:00:00+00:00,2026-05-28 20:00:00+00:00,-0.077334,9226.66,-0.192001,-1.127828,162,1,SHORT,FLAT,FLAT,SHORT,STRONG_TREND_BEAR,,
2026-05-29 04:38 UTC,2026-03-08 16:00:00+00:00,2026-05-29 04:00:00+00:00,-0.073879,9261.21,-0.192001,-1.066188,163,1,SHORT,FLAT,SHORT,SHORT,STRONG_TREND_BEAR,,
2026-05-29 11:38 UTC,2026-03-08 16:00:00+00:00,2026-05-29 08:00:00+00:00,-0.080237,9197.63,-0.196119,-1.16818,163,0,SHORT,FLAT,SHORT,SHORT,STRONG_TREND_BEAR,,
2026-05-29 16:05 UTC,2026-03-08 16:00:00+00:00,2026-05-29 16:00:00+00:00,-0.088834,9111.66,-0.196094,-1.308134,165,0,SHORT,FLAT,SHORT,SHORT,STRONG_TREND_BEAR,,
2026-05-29 22:02 UTC,2026-03-08 16:00:00+00:00,2026-05-29 20:00:00+00:00,-0.087191,9128.09,-0.196135,-1.277803,167,0,SHORT,FLAT,SHORT,SHORT,STRONG_TREND_BEAR,,
2026-05-30 04:13 UTC,2026-03-08 16:00:00+00:00,2026-05-30 04:00:00+00:00,-0.087439,9125.61,-0.196104,-1.279428,169,1,SHORT,FLAT,SHORT,FLAT,STRONG_TREND_BEAR,,
2026-05-30 10:10 UTC,2026-03-08 16:00:00+00:00,2026-05-30 08:00:00+00:00,-0.08837,9116.3,-0.177463,-1.371013,164,0,SHORT,FLAT,SHORT,FLAT,STRONG_TREND_BEAR,,
