time,symbol,type,entry,exit,qty,pnl,note,strategy
2026-07-25 16:00:00+00:00,ETHUSDT,ENTRY_SHORT,1874.197572,,3.027266091771713,0.0,bear trend short|scale=1.22|regScale=1.00|stopPct=0.0148,Sleeve
2026-07-25 16:00:00+00:00,BTCUSDT,ENTRY_SHORT,64369.063486,,0.17518040743758795,0.0,bear trend short|scale=1.72|regScale=1.00|stopPct=0.0105,Sleeve
2026-07-26 00:00:00+00:00,ETHUSDT,EXIT,1874.197572,1882.774663,3.027266091771713,-25.965136750339976,CLOSE_BY_SIGNAL,Sleeve
2026-07-26 00:00:00+00:00,BTCUSDT,EXIT,64369.063486,64576.367099999996,0.17518040743758795,-36.31553156380389,CLOSE_BY_SIGNAL,Sleeve
2026-07-27 04:00:00+00:00,ETHUSDT,ENTRY_LONG,1964.9493079999997,,2.530342724608887,0.0,trend long|scale=1.38|regScale=0.70|stopPct=0.0130,Sleeve
2026-07-27 12:00:00+00:00,ETHUSDT,ENTRY_LONG,1928.328325,,1.6213445359914855,0.0,trend long|scale=1.11|regScale=0.70|stopPct=0.0163,Sleeve
2026-07-27 12:00:00+00:00,ETHUSDT,STOP_LONG,1964.9493079999997,1938.1443821999999,2.530342724608887,-67.82564898171071,,Sleeve
2026-07-27 20:00:00+00:00,ETHUSDT,STOP_LONG,1928.328325,1895.8550728,1.6213445359914855,-52.65033002034338,,Sleeve
2026-07-28 16:00:00+00:00,BTCUSDT,ENTRY_SHORT,63884.8288,,0.07784273131826294,0.0,bear trend short|scale=1.18|regScale=1.00|stopPct=0.0152,Sleeve
2026-07-29 04:00:00+00:00,BTCUSDT,EXIT,63884.8288,64580.368299999995,0.07784273131826294,-54.1426944197383,CLOSE_BY_SIGNAL,Sleeve
2026-07-30 00:00:00+00:00,ETHUSDT,ENTRY_LONG,1910.562997,,0.9584737881103111,0.0,micro trend long|scale=0.54|regScale=1.80|stopPct=0.0334,Sleeve
2026-07-30 04:00:00+00:00,ETHUSDT,EXIT,1910.562997,1902.6790250000001,0.9584737881103111,-7.5565805081954895,CLOSE_BY_SIGNAL,Sleeve
2026-08-02 12:00:00+00:00,BTCUSDT,ENTRY_SHORT,63090.207258,,0.1903217193685827,0.0,bear trend short|scale=1.86|regScale=1.00|stopPct=0.0097,Sleeve
2026-08-02 16:00:00+00:00,BTCUSDT,EXIT,63090.207258,63475.046803,0.1903217193685827,-73.24332388542216,CLOSE_BY_SIGNAL,Sleeve
2026-08-05 12:00:00+00:00,BTCUSDT,ENTRY_LONG,64407.326403,,0.09033400554169653,0.0,vol break long|scale=1.34|regScale=0.80|stopPct=0.0149,Trend
2026-08-05 20:00:00+00:00,ETHUSDT,ENTRY_SHORT,1908.32733,,1.7974953977893537,0.0,chop short z=1.10|scale=0.96|regScale=1.10|stopPct=0.0187,Sleeve
2026-08-06 12:00:00+00:00,BTCUSDT,ENTRY_LONG,64651.259561,,0.08812842260813089,0.0,trend long|scale=1.55|regScale=0.70|stopPct=0.0116,Sleeve
2026-08-07 08:00:00+00:00,BTCUSDT,PYRAMID_LONG,65049.488994,,0.05363275992665593,0.0,trend long|pyramid#1,Trend
2026-08-07 12:00:00+00:00,ETHUSDT,STOP_SHORT,1908.32733,1935.7115393,1.7974953977893537,-49.22299018885013,,Sleeve
2026-08-07 20:00:00+00:00,ETHUSDT,ENTRY_LONG,1914.754254,,2.0528926406038206,0.0,trend long|scale=0.99|regScale=1.00|stopPct=0.0203,Trend
2026-08-07 20:00:00+00:00,BTCUSDT,EXIT,64651.259561,64903.713043,0.08812842260813089,22.248327150590555,CLOSE_BY_SIGNAL,Sleeve
2026-08-08 20:00:00+00:00,ETHUSDT,ENTRY_LONG,1917.315022,,4.536676239968465,0.0,trend long|scale=1.93|regScale=0.70|stopPct=0.0093,Sleeve
2026-08-09 20:00:00+00:00,ETHUSDT,EXIT,1914.754254,1910.0768050000001,2.0528926406038206,-9.602300628899282,CLOSE_BY_SIGNAL,Trend
2026-08-09 20:00:00+00:00,ETHUSDT,EXIT,1917.315022,1910.0768050000001,4.536676239968465,-32.83744708363514,CLOSE_BY_SIGNAL,Sleeve
2026-08-12 00:00:00+00:00,ETHUSDT,ENTRY_SHORT,1886.054014,,2.333613315934924,0.0,bear trend short|scale=1.16|regScale=1.00|stopPct=0.0155,Sleeve
2026-08-12 04:00:00+00:00,BTCUSDT,ENTRY_SHORT,63818.838603,,0.15572776689891782,0.0,bear trend short|scale=1.74|regScale=1.00|stopPct=0.0103,Sleeve
2026-08-12 08:00:00+00:00,ETHUSDT,STOP_SHORT,1886.054014,1916.4707687999999,2.333613315934924,-70.98094402880707,,Sleeve
2026-08-12 08:00:00+00:00,BTCUSDT,EXIT,63818.838603,64259.312012,0.15572776689891782,-68.59394036192457,CLOSE_BY_SIGNAL,Sleeve
2026-08-12 16:00:00+00:00,BTCUSDT,ENTRY_SHORT,63402.083667000006,,0.12424875214104993,0.0,bear trend short|scale=1.60|regScale=1.00|stopPct=0.0112,Sleeve
2026-08-13 00:00:00+00:00,BTCUSDT,EXIT,63402.083667000006,63666.084097,0.12424875214104993,-32.801723992199705,CLOSE_BY_SIGNAL,Sleeve
2026-08-16 00:00:00+00:00,BTCUSDT,ENTRY_SHORT,63111.061,,0.18739682659072987,0.0,bear trend short|scale=3.11|regScale=1.00|stopPct=0.0058,Sleeve
2026-08-16 08:00:00+00:00,ETHUSDT,ENTRY_SHORT,1880.375718,,6.322401470977894,0.0,bear trend short|scale=2.86|regScale=1.00|stopPct=0.0063,Sleeve
2026-08-16 12:00:00+00:00,ETHUSDT,EXIT,1880.375718,1884.625218,6.322401470977894,-26.867045050919916,CLOSE_BY_SIGNAL,Sleeve
2026-08-16 20:00:00+00:00,BTCUSDT,EXIT,63111.061,62918.869999999995,0.18739682659072987,36.01598349930012,CLOSE_BY_SIGNAL,Sleeve
2026-08-18 12:00:00+00:00,BTCUSDT,ENTRY_LONG,64874.516518,,0.14484068956762955,0.0,trend long|scale=1.56|regScale=1.00|stopPct=0.0128,Trend
2026-08-19 00:00:00+00:00,ETHUSDT,ENTRY_LONG,1912.723645,,4.073081003885506,0.0,vol break long|scale=1.20|regScale=1.80|stopPct=0.0150,Sleeve
2026-08-19 00:00:00+00:00,BTCUSDT,ENTRY_LONG,64350.009213,,0.09367817937795427,0.0,trend long|scale=1.69|regScale=0.70|stopPct=0.0106,Sleeve
2026-08-19 12:00:00+00:00,BTCUSDT,PYRAMID_LONG,68574.5662,,0.02525153399538374,0.0,trend long|pyramid#1,Trend
2026-08-22 04:00:00+00:00,ETHUSDT,EXIT,1912.723645,2432.580007,4.073081003885506,2117.417072811227,CLOSE_BY_SIGNAL,Sleeve
2026-08-22 12:00:00+00:00,BTCUSDT,EXIT,64350.009213,76955.736351,0.09367817937795427,1180.8815680231103,CLOSE_BY_SIGNAL,Sleeve
2026-08-26 04:00:00+00:00,BTCUSDT,ENTRY_LONG,78949.237668,,0.03908552904437166,0.0,trend long|scale=0.78|regScale=0.70|stopPct=0.0230,Sleeve
2026-08-26 12:00:00+00:00,BTCUSDT,EXIT,78949.237668,77988.246505,0.03908552904437166,-37.560848012820955,CLOSE_BY_SIGNAL,Sleeve
2026-08-26 16:00:00+00:00,BTCUSDT,ENTRY_LONG,78499.032647,,0.033734375575108305,0.0,trend long|scale=0.71|regScale=1.00|stopPct=0.0281,Trend
2026-08-28 16:00:00+00:00,BTCUSDT,STOP_LONG,78499.032647,77870.33867367858,0.033734375575108305,-21.20859861783204,,Trend
2026-09-02 00:00:00+00:00,ETHUSDT,ENTRY_SHORT,2413.695674,,1.1331575151604043,0.0,vol break short|scale=0.81|regScale=0.80|stopPct=0.0247,Trend
2026-09-02 20:00:00+00:00,ETHUSDT,EXIT,2413.695674,2392.637576,1.1331575151604043,23.862142003684248,CLOSE_BY_SIGNAL,Trend
2026-09-03 08:00:00+00:00,ETHUSDT,ENTRY_SHORT,2406.47784,,2.2237821192277782,0.0,bear trend short|scale=0.87|regScale=1.00|stopPct=0.0208,Sleeve
2026-09-03 12:00:00+00:00,ETHUSDT,STOP_SHORT,2406.47784,2458.0051803999995,2.2237821192277782,-114.58557823288201,,Sleeve
2026-09-03 12:00:00+00:00,BTCUSDT,ENTRY_LONG,81372.4044,,0.04569836612333296,0.0,trend long|scale=0.84|regScale=1.00|stopPct=0.0237,Trend
2026-09-03 16:00:00+00:00,BTCUSDT,ENTRY_LONG,81779.936623,,0.05546714677716605,0.0,trend long|scale=0.96|regScale=0.70|stopPct=0.0187,Sleeve
2026-09-03 20:00:00+00:00,ETHUSDT,ENTRY_LONG,2508.2622530000003,,0.8571109373368816,0.0,trend long|scale=0.64|regScale=1.00|stopPct=0.0312,Trend
2026-09-04 04:00:00+00:00,ETHUSDT,ENTRY_LONG,2505.1413169999996,,1.250068252123086,0.0,trend long|scale=0.80|regScale=0.70|stopPct=0.0224,Sleeve
2026-09-04 12:00:00+00:00,BTCUSDT,STOP_LONG,81779.936623,80202.26010160001,0.05546714677716605,-87.50921517938198,,Sleeve
2026-09-04 12:00:00+00:00,BTCUSDT,STOP_LONG,81372.4044,79393.84698402858,0.04569836612333296,-90.41684119109736,,Trend
2026-09-04 12:00:00+00:00,ETHUSDT,STOP_LONG,2505.1413169999996,2447.615495,1.250068252123086,-71.91120375948327,,Sleeve
2026-09-04 12:00:00+00:00,BTCUSDT,ENTRY_LONG,79453.158799,,0.03434031268393944,0.0,trend long|scale=0.73|regScale=1.00|stopPct=0.0276,Trend
2026-09-04 12:00:00+00:00,ETHUSDT,EXIT,2508.2622530000003,2451.2444060000003,0.8571109373368816,-48.87062028710097,CLOSE_BY_SIGNAL,Trend
2026-09-05 12:00:00+00:00,ETHUSDT,ENTRY_LONG,2460.738,,1.3740360533855265,0.0,trend long|scale=0.81|regScale=1.00|stopPct=0.0247,Trend
2026-09-06 08:00:00+00:00,BTCUSDT,ENTRY_LONG,79943.14575099999,,0.1920327185887782,0.0,trend long|scale=1.80|regScale=0.70|stopPct=0.0100,Sleeve
2026-09-06 16:00:00+00:00,BTCUSDT,EXIT,79943.14575099999,79806.041003,0.1920327185887782,-26.32859748986616,CLOSE_BY_SIGNAL,Sleeve
2026-09-07 04:00:00+00:00,BTCUSDT,STOP_LONG,79453.158799,79209.04479846428,0.03434031268393944,-8.382951108923834,,Trend
2026-09-08 12:00:00+00:00,ETHUSDT,STOP_LONG,2460.738,2458.1030620714287,1.3740360533855265,-3.620499712289754,,Trend
2026-09-12 08:00:00+00:00,ETHUSDT,ENTRY_LONG,2536.930851,,0.98211106796443,0.0,trend long|scale=0.73|regScale=0.70|stopPct=0.0248,Sleeve
2026-09-13 08:00:00+00:00,ETHUSDT,STOP_LONG,2536.930851,2472.6569802999998,0.98211106796443,-63.124079795385,,Sleeve
2026-09-13 16:00:00+00:00,BTCUSDT,ENTRY_SHORT,77260.81480000001,,0.24082461778010195,0.0,bear trend short|scale=1.61|regScale=1.50|stopPct=0.0124,Trend
2026-09-13 16:00:00+00:00,BTCUSDT,ENTRY_SHORT,77260.81480000001,,0.20708844401426937,0.0,bear trend short|scale=1.55|regScale=1.00|stopPct=0.0116,Sleeve
2026-09-14 00:00:00+00:00,BTCUSDT,EXIT,77260.81480000001,77619.608899,0.24082461778010195,-86.40645175342902,CLOSE_BY_SIGNAL,Trend
2026-09-14 00:00:00+00:00,BTCUSDT,EXIT,77260.81480000001,77619.608899,0.20708844401426937,-74.30211168340998,CLOSE_BY_SIGNAL,Sleeve
2026-09-15 16:00:00+00:00,BTCUSDT,ENTRY_SHORT,76163.624056,,0.05452106236694805,0.0,vol break short|scale=1.01|regScale=0.80|stopPct=0.0198,Trend
2026-09-16 04:00:00+00:00,BTCUSDT,ENTRY_SHORT,75743.900011,,0.10599781769390514,0.0,vol break short|scale=0.83|regScale=1.80|stopPct=0.0218,Sleeve
2026-09-16 12:00:00+00:00,ETHUSDT,ENTRY_SHORT,2392.0421720000004,,0.8283706752768646,0.0,vol break short|scale=0.70|regScale=0.80|stopPct=0.0287,Trend
2026-09-17 12:00:00+00:00,ETHUSDT,STOP_SHORT,2392.0421720000004,2462.08590425,0.8283706752768646,-58.02217378284416,,Trend
2026-09-17 12:00:00+00:00,BTCUSDT,EXIT,76163.624056,76803.04400299999,0.05452106236694805,-34.86185480905694,CLOSE_BY_SIGNAL,Trend
2026-09-17 12:00:00+00:00,BTCUSDT,EXIT,75743.900011,76803.04400299999,0.10599781769390514,-112.26695177560912,CLOSE_BY_SIGNAL,Sleeve
2026-09-18 16:00:00+00:00,BTCUSDT,ENTRY_LONG,81229.121428,,0.05098635379663968,0.0,trend long|scale=0.91|regScale=1.00|stopPct=0.0220,Trend
2026-09-18 16:00:00+00:00,ETHUSDT,ENTRY_LONG,2637.501013,,0.8535353684934491,0.0,trend long|scale=0.67|regScale=1.00|stopPct=0.0299,Trend
2026-09-19 04:00:00+00:00,BTCUSDT,ENTRY_LONG,81124.490048,,0.07512674363676923,0.0,trend long|scale=1.17|regScale=0.70|stopPct=0.0154,Sleeve
2026-09-19 04:00:00+00:00,ETHUSDT,ENTRY_LONG,2627.738085,,1.222203379613789,0.0,trend long|scale=0.85|regScale=0.70|stopPct=0.0212,Sleeve
2026-09-20 00:00:00+00:00,ETHUSDT,STOP_LONG,2627.738085,2570.4616300999996,1.222203379613789,-70.00347675107716,,Sleeve
2026-09-20 04:00:00+00:00,ETHUSDT,ENTRY_LONG,2577.5330280000003,,1.0878997861903943,0.0,trend long|scale=0.80|regScale=0.70|stopPct=0.0224,Sleeve
2026-09-20 12:00:00+00:00,ETHUSDT,EXIT,2577.5330280000003,2612.3260670000004,1.0878997861903943,37.851339689014196,CLOSE_BY_SIGNAL,Sleeve
2026-09-20 20:00:00+00:00,BTCUSDT,EXIT,81124.490048,81153.64660000001,0.07512674363676923,2.1904368074361593,CLOSE_BY_SIGNAL,Sleeve
2026-09-22 16:00:00+00:00,ETHUSDT,ENTRY_LONG,2752.565522,,0.9386937051680391,0.0,trend long|scale=0.76|regScale=0.70|stopPct=0.0236,Sleeve
2026-09-22 20:00:00+00:00,BTCUSDT,ENTRY_LONG,86234.422568,,0.046760582323862154,0.0,trend long|scale=0.95|regScale=0.70|stopPct=0.0189,Sleeve
2026-09-23 12:00:00+00:00,ETHUSDT,STOP_LONG,2637.501013,2656.010529157143,0.8535353684934491,15.798526693822522,,Trend
2026-09-23 12:00:00+00:00,BTCUSDT,STOP_LONG,86234.422568,84557.8160427,0.046760582323862154,-78.39909745101502,,Sleeve
2026-09-23 12:00:00+00:00,ETHUSDT,STOP_LONG,2752.565522,2686.1079258,0.9386937051680391,-62.383327213539296,,Sleeve
2026-09-23 16:00:00+00:00,BTCUSDT,STOP_LONG,81229.121428,83758.20449815001,0.05098635379663968,128.94872419576006,,Trend
2026-09-23 16:00:00+00:00,ETHUSDT,ENTRY_LONG,2679.773691,,0.2802998970946612,0.0,guarded trend pullback long|guard_size_down=0.500|scale=0.54|regScale=1.00|stopPct=0.0369,Trend
2026-09-23 20:00:00+00:00,BTCUSDT,ENTRY_LONG,84422.91928,,0.01705079012921957,0.0,guarded trend pullback long|guard_size_down=0.500|scale=0.75|regScale=1.00|stopPct=0.0266,Trend
2026-09-24 00:00:00+00:00,ETHUSDT,EXIT,2679.773691,2675.9569720000004,0.2802998970946612,-1.0698259429390886,CLOSE_BY_SIGNAL,Trend
2026-09-24 08:00:00+00:00,BTCUSDT,EXIT,84422.91928,83469.53162600001,0.01705079012921957,-16.256012800142848,CLOSE_BY_SIGNAL,Trend
2026-09-24 16:00:00+00:00,ETHUSDT,ENTRY_LONG,2697.7590849999997,,0.7383347927323066,0.0,trend long|scale=0.63|regScale=1.00|stopPct=0.0320,Trend
2026-09-25 00:00:00+00:00,BTCUSDT,ENTRY_LONG,84256.459357,,0.01679360666383645,0.0,guarded trend pullback long|guard_size_down=0.500|scale=0.75|regScale=1.00|stopPct=0.0268,Trend
2026-09-25 00:00:00+00:00,ETHUSDT,EXIT,2697.7590849999997,2678.286273,0.7383347927323066,-14.37745461193482,CLOSE_BY_SIGNAL,Trend
2026-09-25 08:00:00+00:00,ETHUSDT,ENTRY_LONG,2718.345259,,0.7939962849574052,0.0,trend long|scale=0.65|regScale=1.00|stopPct=0.0307,Trend
2026-09-25 16:00:00+00:00,BTCUSDT,EXIT,84256.459357,83994.803997,0.01679360666383645,-4.394137197324597,CLOSE_BY_SIGNAL,Trend
2026-09-25 20:00:00+00:00,ETHUSDT,EXIT,2718.345259,2690.802517,0.7939962849574052,-21.86883482554036,CLOSE_BY_SIGNAL,Trend
2026-09-29 12:00:00+00:00,BTCUSDT,ENTRY_SHORT,83043.0796,,0.06692509377610643,0.0,vol break short|scale=1.17|regScale=0.80|stopPct=0.0171,Trend
2026-09-30 00:00:00+00:00,ETHUSDT,ENTRY_SHORT,2670.748535,,1.1873523846649137,0.0,vol break short|scale=0.89|regScale=0.80|stopPct=0.0226,Trend
2026-09-30 12:00:00+00:00,BTCUSDT,STOP_SHORT,83043.0796,84511.51120675,0.06692509377610643,-98.27492298554266,,Trend
2026-09-30 12:00:00+00:00,ETHUSDT,STOP_SHORT,2670.748535,2732.68134425,1.1873523846649137,-73.53606875198471,,Trend
2026-09-30 16:00:00+00:00,ETHUSDT,ENTRY_SHORT,2668.8091170000002,,1.109608404630042,0.0,vol break short|scale=0.86|regScale=0.80|stopPct=0.0231,Trend
2026-10-01 20:00:00+00:00,BTCUSDT,ENTRY_LONG,84905.514015,,0.06738123547579215,0.0,trend long|scale=1.08|regScale=1.00|stopPct=0.0186,Trend
2026-10-02 00:00:00+00:00,ETHUSDT,EXIT,2668.8091170000002,2720.465895,1.109608404630042,-57.318795024907786,FLIP_CLOSE,Trend
2026-10-02 04:00:00+00:00,BTCUSDT,PYRAMID_LONG,86115.47689499999,,0.023811423870661198,0.0,trend long|pyramid#1,Trend
2026-10-02 08:00:00+00:00,BTCUSDT,PYRAMID_LONG,86450.777455,,0.0239043342947394,0.0,trend long|pyramid#2,Trend
2026-10-02 08:00:00+00:00,BTCUSDT,ENTRY_LONG,86450.777455,,0.0656136764937765,0.0,trend long|scale=1.15|regScale=0.70|stopPct=0.0157,Sleeve
2026-10-02 16:00:00+00:00,BTCUSDT,STOP_LONG,86450.777455,85045.81060040001,0.0656136764937765,-92.18504068220237,,Sleeve
2026-10-03 00:00:00+00:00,BTCUSDT,ENTRY_LONG,84724.969868,,0.058572150614913145,0.0,trend long|scale=1.01|regScale=1.00|stopPct=0.0198,Trend
2026-10-04 00:00:00+00:00,ETHUSDT,ENTRY_LONG,2695.248332,,2.6252021835246606,0.0,trend long|scale=1.21|regScale=1.00|stopPct=0.0166,Trend
2026-10-05 12:00:00+00:00,BTCUSDT,STOP_LONG,84724.969868,85229.34852250002,0.058572150614913145,29.54254251832232,,Trend
2026-10-05 16:00:00+00:00,ETHUSDT,STOP_LONG,2695.248332,2685.0288924642855,2.6252021835246606,-26.828094983556284,,Trend
2026-10-06 08:00:00+00:00,BTCUSDT,ENTRY_LONG,86267.88260299999,,0.08868503693790009,0.0,trend long|scale=1.25|regScale=1.00|stopPct=0.0159,Trend
2026-10-07 00:00:00+00:00,BTCUSDT,STOP_LONG,86267.88260299999,84841.61987600001,0.08868503693790009,-126.48816262714327,,Trend
2026-10-07 00:00:00+00:00,ETHUSDT,ENTRY_SHORT,2610.356658,,1.7129140561129503,0.0,vol break short|scale=1.08|regScale=0.80|stopPct=0.0185,Trend
2026-10-07 12:00:00+00:00,BTCUSDT,ENTRY_SHORT,83429.20372800001,,0.08363539657910839,0.0,vol break short|scale=1.35|regScale=0.80|stopPct=0.0149,Trend
2026-10-07 20:00:00+00:00,BTCUSDT,EXIT,83429.20372800001,83346.806543,0.08363539657910839,6.891321244477906,CLOSE_BY_SIGNAL,Trend
2026-10-08 00:00:00+00:00,ETHUSDT,ENTRY_SHORT,2563.5706980000004,,2.573618288517641,0.0,bear trend short|scale=1.05|regScale=1.00|stopPct=0.0172,Sleeve
2026-10-08 08:00:00+00:00,BTCUSDT,ENTRY_SHORT,82481.258197,,0.1291507437870968,0.0,bear trend short|scale=1.33|regScale=1.00|stopPct=0.0135,Sleeve
2026-10-09 08:00:00+00:00,ETHUSDT,STOP_SHORT,2610.356658,2516.7876669999996,1.7129140561129503,160.2756399002071,,Trend
2026-10-09 08:00:00+00:00,BTCUSDT,STOP_SHORT,82481.258197,83367.4075786,0.1291507437870968,-114.44685174011589,,Sleeve
2026-10-09 08:00:00+00:00,BTCUSDT,ENTRY_SHORT,83221.845954,,0.11317310864202816,0.0,bear trend short|scale=1.25|regScale=1.00|stopPct=0.0144,Sleeve
2026-10-09 08:00:00+00:00,ETHUSDT,STOP_SHORT,2563.5706980000004,2508.7479700999997,2.573618288517641,141.09277514986815,,Sleeve
2026-10-09 08:00:00+00:00,ETHUSDT,ENTRY_SHORT,2505.858017,,1.7019061343875417,0.0,bear trend short|scale=0.84|regScale=1.00|stopPct=0.0214,Sleeve
2026-10-09 16:00:00+00:00,BTCUSDT,EXIT,83221.845954,82361.731109,0.11317310864202816,97.34187079780664,CLOSE_BY_SIGNAL,Sleeve
2026-10-09 16:00:00+00:00,ETHUSDT,EXIT,2505.858017,2478.283262,1.7019061343875417,46.9296446887337,CLOSE_BY_SIGNAL,Sleeve
