time,symbol,type,entry,exit,qty,pnl,note
2025-04-21 20:00:00+00:00,ETHUSDT,ENTRY_SHORT,1578.166408,,1.0177623484254426,0.0,vol break short|scale=0.71|regScale=0.80|stopPct=0.0283
2025-04-22 00:00:00+00:00,BTCUSDT,ENTRY_LONG,88137.4333,,0.0486413214955401,0.0,vol break long|scale=1.15|regScale=0.80|stopPct=0.0173
2025-04-22 04:00:00+00:00,BTCUSDT,ENTRY_LONG,88461.43046999999,,0.07277309880938332,0.0,vol break long|scale=0.97|regScale=1.80|stopPct=0.0186
2025-04-22 04:00:00+00:00,ETHUSDT,STOP_SHORT,1578.166408,1623.8237867500002,1.0177623484254426,-46.46836101955003,
2025-04-22 08:00:00+00:00,ETHUSDT,ENTRY_LONG,1630.629042,,1.1464858216141034,0.0,vol break long|scale=0.52|regScale=1.80|stopPct=0.0346
2025-04-22 08:00:00+00:00,BTCUSDT,FUNDING,,,0.07277309880938332,0.04795608127591916,"rate=-0.000007, notional~6445.71"
2025-04-22 08:00:00+00:00,BTCUSDT,FUNDING,,,0.0486413214955401,0.03205370123262451,"rate=-0.000007, notional~4308.29"
2025-04-22 12:00:00+00:00,BTCUSDT,PYRAMID_LONG,90908.46436,,0.013043578269375064,0.0,trend long|pyramid#1
2025-04-22 16:00:00+00:00,ETHUSDT,ENTRY_LONG,1698.049262,,0.6325839661182461,0.0,vol break long|scale=0.57|regScale=0.80|stopPct=0.0349
2025-04-22 16:00:00+00:00,BTCUSDT,FUNDING,,,0.06168489976491517,0.39700761605144225,"rate=-0.000070, notional~5635.31"
2025-04-22 16:00:00+00:00,ETHUSDT,FUNDING,,,1.1464858216141034,-0.15773995914852834,"rate=0.000081, notional~1946.21"
2025-04-22 16:00:00+00:00,BTCUSDT,FUNDING,,,0.07277309880938332,0.46837191243069953,"rate=-0.000070, notional~6648.29"
2025-04-22 16:00:00+00:00,BTCUSDT,PYRAMID_LONG,91383.80691999999,,0.012750414379131485,0.0,trend long|pyramid#2
2025-04-22 20:00:00+00:00,BTCUSDT,PYRAMID_LONG,93432.92146999999,,0.01009989727222684,0.0,trend long|pyramid#3
2025-04-22 20:00:00+00:00,ETHUSDT,PYRAMID_LONG,1756.0966709999998,,0.21914943690480596,0.0,vol break long|pyramid#1
2025-04-23 00:00:00+00:00,BTCUSDT,FUNDING,,,0.08453521141627349,0.10934799850610769,"rate=-0.000014, notional~7872.43"
2025-04-23 00:00:00+00:00,ETHUSDT,FUNDING,,,0.851733403023052,-0.10208478204404374,"rate=0.000067, notional~1528.44"
2025-04-23 00:00:00+00:00,ETHUSDT,FUNDING,,,1.1464858216141034,-0.13741242834983017,"rate=0.000067, notional~2057.38"
2025-04-23 00:00:00+00:00,BTCUSDT,FUNDING,,,0.07277309880938332,0.09413346896014735,"rate=-0.000014, notional~6777.07"
2025-04-23 00:00:00+00:00,ETHUSDT,PYRAMID_LONG,1795.048353,,0.19558427479595955,0.0,vol break long|pyramid#2
2025-04-23 04:00:00+00:00,ETHUSDT,PYRAMID_LONG,1791.8073809999999,,0.19248428581554383,0.0,vol break long|pyramid#3
2025-04-23 16:00:00+00:00,BTCUSDT,FUNDING,,,0.08453521141627349,-0.3623114137662212,"rate=0.000046, notional~7898.66"
2025-04-23 16:00:00+00:00,BTCUSDT,FUNDING,,,0.07277309880938332,-0.31189990386302957,"rate=0.000046, notional~6799.65"
2025-04-24 00:00:00+00:00,BTCUSDT,FUNDING,,,0.07277309880938332,0.18005700286332962,"rate=-0.000027, notional~6741.18"
2025-04-24 00:00:00+00:00,BTCUSDT,FUNDING,,,0.08453521141627349,0.2091591130934433,"rate=-0.000027, notional~7830.74"
2025-04-24 16:00:00+00:00,BTCUSDT,EXIT,88461.43046999999,93469.45075,0.07277309880938332,364.4491546758364,CLOSE_BY_SIGNAL
2025-04-25 08:00:00+00:00,ETHUSDT,EXIT,1630.629042,1788.9331590000002,1.1464858216141034,181.4934256436403,CLOSE_BY_SIGNAL
2025-04-26 08:00:00+00:00,ETHUSDT,FUNDING,,,1.2398019636345554,0.06635922563913943,"rate=-0.000030, notional~2212.71"
2025-04-26 08:00:00+00:00,BTCUSDT,FUNDING,,,0.08453521141627349,0.22065481852732222,"rate=-0.000028, notional~7954.39"
2025-04-26 20:00:00+00:00,ETHUSDT,ENTRY_LONG,1820.546,,0.8154180198597637,0.0,trend long|scale=0.68|regScale=0.70|stopPct=0.0263
2025-04-27 00:00:00+00:00,BTCUSDT,ENTRY_LONG,94149.93651,,0.05334419428890586,0.0,trend long|scale=1.26|regScale=0.70|stopPct=0.0143
2025-04-27 08:00:00+00:00,ETHUSDT,FUNDING,,,0.8154180198597637,0.09915935254478378,"rate=-0.000067, notional~1471.86"
2025-04-27 08:00:00+00:00,BTCUSDT,FUNDING,,,0.05334419428890586,0.03304935609698786,"rate=-0.000007, notional~5007.48"
2025-04-27 08:00:00+00:00,ETHUSDT,FUNDING,,,1.2398019636345554,0.1507667932318899,"rate=-0.000067, notional~2237.89"
2025-04-27 08:00:00+00:00,BTCUSDT,FUNDING,,,0.08453521141627349,0.0523737276768958,"rate=-0.000007, notional~7935.41"
2025-04-27 16:00:00+00:00,ETHUSDT,FUNDING,,,1.2398019636345554,0.086294821293458,"rate=-0.000039, notional~2240.26"
2025-04-27 16:00:00+00:00,ETHUSDT,FUNDING,,,0.8154180198597637,0.05675612264476531,"rate=-0.000039, notional~1473.42"
2025-04-27 16:00:00+00:00,BTCUSDT,FUNDING,,,0.08453521141627349,0.03359237144693638,"rate=-0.000004, notional~7979.19"
2025-04-27 16:00:00+00:00,BTCUSDT,FUNDING,,,0.05334419428890586,0.021197770243530808,"rate=-0.000004, notional~5035.10"
2025-04-27 20:00:00+00:00,BTCUSDT,EXIT,94149.93651,93668.99087000001,0.05334419428890586,-25.655657662561683,CLOSE_BY_SIGNAL
2025-04-27 20:00:00+00:00,BTCUSDT,EXIT,89687.3277609078,93668.99087000001,0.08453521141627349,336.59073271548607,CLOSE_BY_SIGNAL
2025-04-28 00:00:00+00:00,ETHUSDT,STOP_LONG,1820.546,1771.6333505,0.8154180198597637,-39.8842558013847,
2025-04-28 00:00:00+00:00,ETHUSDT,STOP_LONG,1738.1681841337772,1751.1387864285714,1.2398019636345554,16.080978194608672,
2025-04-28 08:00:00+00:00,ETHUSDT,ENTRY_LONG,1815.5445,,0.9652321635809552,0.0,trend long|scale=0.75|regScale=0.70|stopPct=0.0239
2025-04-28 12:00:00+00:00,BTCUSDT,ENTRY_LONG,93800.93184,,0.020340154425148377,0.0,guarded trend pullback long|guard_size_down=0.500|scale=0.95|regScale=1.00|stopPct=0.0210
2025-04-28 12:00:00+00:00,ETHUSDT,STOP_LONG,1815.5445,1771.0105374,0.9652321635809552,-42.985613073231335,
2025-04-28 12:00:00+00:00,ETHUSDT,ENTRY_LONG,1762.608624,,0.27934846663049756,0.0,guarded trend pullback long|guard_size_down=0.500|scale=0.47|regScale=1.00|stopPct=0.0426
2025-04-29 00:00:00+00:00,BTCUSDT,FUNDING,,,0.020340154425148377,0.014873884921685782,"rate=-0.000008, notional~1924.18"
2025-04-29 00:00:00+00:00,ETHUSDT,FUNDING,,,0.27934846663049756,-0.041668271125626016,"rate=0.000083, notional~503.18"
2025-04-29 08:00:00+00:00,BTCUSDT,FUNDING,,,0.020340154425148377,-0.007987759609109689,"rate=0.000004, notional~1934.08"
2025-04-29 08:00:00+00:00,ETHUSDT,FUNDING,,,0.27934846663049756,-0.029581133774927933,"rate=0.000058, notional~510.90"
2025-04-30 08:00:00+00:00,ETHUSDT,FUNDING,,,0.27934846663049756,-0.0045829075859575,"rate=0.000009, notional~506.96"
2025-04-30 08:00:00+00:00,BTCUSDT,FUNDING,,,0.020340154425148377,-0.056866349500762754,"rate=0.000029, notional~1934.89"
2025-04-30 12:00:00+00:00,ETHUSDT,STOP_LONG,1762.608624,1739.10261265,0.27934846663049756,-6.566368227221538,
2025-05-01 00:00:00+00:00,BTCUSDT,FUNDING,,,0.020340154425148377,-0.06781026361700927,"rate=0.000035, notional~1926.98"
2025-05-01 08:00:00+00:00,BTCUSDT,FUNDING,,,0.020340154425148377,-0.11252734297580277,"rate=0.000058, notional~1955.30"
2025-05-02 00:00:00+00:00,BTCUSDT,FUNDING,,,0.020340154425148377,0.24147333748270422,"rate=-0.000122, notional~1974.11"
2025-05-02 08:00:00+00:00,BTCUSDT,FUNDING,,,0.020340154425148377,0.18486918561052063,"rate=-0.000094, notional~1970.47"
2025-05-03 00:00:00+00:00,BTCUSDT,FUNDING,,,0.020340154425148377,0.11659523082886655,"rate=-0.000060, notional~1958.60"
2025-05-03 04:00:00+00:00,BTCUSDT,PYRAMID_LONG,96319.68724,,0.02550519011556641,0.0,trend long|pyramid#1
2025-05-03 08:00:00+00:00,BTCUSDT,FUNDING,,,0.04584534454071479,-0.14059581096559545,"rate=0.000032, notional~4396.37"
2025-05-03 08:00:00+00:00,BTCUSDT,EXIT,95202.19375601762,95866.83132000001,0.04584534454071479,30.470538115474334,CLOSE_BY_SIGNAL
2025-05-03 12:00:00+00:00,BTCUSDT,ENTRY_LONG,96387.60760999999,,0.062351556775026504,0.0,trend long|scale=1.20|regScale=1.00|stopPct=0.0167
2025-05-03 16:00:00+00:00,BTCUSDT,ENTRY_LONG,96340.8936,,0.07079846064074391,0.0,trend long|scale=1.49|regScale=0.70|stopPct=0.0121
2025-05-03 16:00:00+00:00,BTCUSDT,FUNDING,,,0.062351556775026504,0.08905716250860551,"rate=-0.000015, notional~6005.20"
2025-05-03 20:00:00+00:00,BTCUSDT,EXIT,96340.8936,95774.55901000001,0.07079846064074391,-40.09561717960571,CLOSE_BY_SIGNAL
2025-05-03 20:00:00+00:00,BTCUSDT,EXIT,96387.60760999999,95774.55901000001,0.062351556775026504,-38.22453458874927,CLOSE_BY_SIGNAL
2025-05-07 00:00:00+00:00,BTCUSDT,ENTRY_LONG,96482.73614,,0.03642669206174065,0.0,trend long|scale=0.92|regScale=1.00|stopPct=0.0218
2025-05-07 08:00:00+00:00,BTCUSDT,FUNDING,,,0.03642669206174065,0.0008833472824972108,"rate=-0.000000, notional~3533.39"
2025-05-07 08:00:00+00:00,ETHUSDT,ENTRY_LONG,1836.030644,,0.9898677783830142,0.0,trend long|scale=0.66|regScale=1.00|stopPct=0.0304
2025-05-08 00:00:00+00:00,BTCUSDT,FUNDING,,,0.03642669206174065,-0.08367536537080662,"rate=0.000023, notional~3609.81"
2025-05-08 00:00:00+00:00,ETHUSDT,FUNDING,,,0.9898677783830142,-0.08585996305296416,"rate=0.000046, notional~1881.24"
2025-05-08 00:00:00+00:00,BTCUSDT,PYRAMID_LONG,99127.62937,,0.016037776582537237,0.0,trend long|pyramid#1
2025-05-08 00:00:00+00:00,ETHUSDT,PYRAMID_LONG,1901.07015,,0.37438907751603506,0.0,vol break long|pyramid#1
2025-05-08 04:00:00+00:00,BTCUSDT,PYRAMID_LONG,99241.76359999999,,0.017435552625751215,0.0,trend long|pyramid#2
2025-05-08 04:00:00+00:00,ETHUSDT,PYRAMID_LONG,1928.37834,,0.3567347904001955,0.0,vol break long|pyramid#2
2025-05-08 08:00:00+00:00,BTCUSDT,PYRAMID_LONG,99399.61094,,0.01810774113810937,0.0,trend long|pyramid#3
2025-05-08 12:00:00+00:00,ETHUSDT,PYRAMID_LONG,2051.1751679999998,,0.2574520632394888,0.0,vol break long|pyramid#3
2025-05-08 16:00:00+00:00,BTCUSDT,ENTRY_LONG,101284.57625999999,,0.030424886239131192,0.0,trend long|scale=1.01|regScale=0.70|stopPct=0.0178
2025-05-09 08:00:00+00:00,ETHUSDT,ENTRY_LONG,2351.465228,,0.24751829267541728,0.0,trend long|scale=0.38|regScale=0.70|stopPct=0.0473
2025-05-09 16:00:00+00:00,BTCUSDT,FUNDING,,,0.08800776240813847,-0.39741753190397733,"rate=0.000044, notional~9077.60"
2025-05-09 16:00:00+00:00,BTCUSDT,FUNDING,,,0.030424886239131192,-0.13738996273465823,"rate=0.000044, notional~3138.19"
2025-05-10 08:00:00+00:00,ETHUSDT,FUNDING,,,1.9784437095387337,-0.4620378054202914,"rate=0.000098, notional~4716.12"
2025-05-10 08:00:00+00:00,ETHUSDT,FUNDING,,,0.24751829267541728,-0.05780442890426759,"rate=0.000098, notional~590.02"
2025-05-11 08:00:00+00:00,BTCUSDT,EXIT,101284.57625999999,104582.31589,0.030424886239131192,100.33335308902492,CLOSE_BY_SIGNAL
2025-05-11 12:00:00+00:00,ETHUSDT,EXIT,2351.465228,2460.4816339999998,0.24751829267541728,26.98355468673005,CLOSE_BY_SIGNAL
2025-05-12 16:00:00+00:00,BTCUSDT,FUNDING,,,0.08800776240813847,-0.2061768875547935,"rate=0.000023, notional~8960.32"
2025-05-12 16:00:00+00:00,BTCUSDT,STOP_LONG,98111.4718909222,101426.32154385714,0.08800776240813847,291.7325006741981,
2025-05-12 16:00:00+00:00,ETHUSDT,FUNDING,,,1.9784437095387337,-0.2781644556957696,"rate=0.000057, notional~4865.57"
2025-05-13 00:00:00+00:00,ETHUSDT,FUNDING,,,1.9784437095387337,-0.2989275770590405,"rate=0.000062, notional~4795.89"
2025-05-14 08:00:00+00:00,ETHUSDT,FUNDING,,,1.9784437095387337,-0.28450805589630934,"rate=0.000055, notional~5191.75"
2025-05-15 16:00:00+00:00,ETHUSDT,FUNDING,,,1.9784437095387337,-0.28518532980468714,"rate=0.000057, notional~5005.01"
2025-05-16 16:00:00+00:00,ETHUSDT,FUNDING,,,1.9784437095387337,-0.36918515385489814,"rate=0.000072, notional~5126.15"
2025-05-17 00:00:00+00:00,ETHUSDT,STOP_LONG,1892.9860770432217,2471.2712532857145,1.9784437095387337,1144.1046692564578,
2025-05-17 00:00:00+00:00,ETHUSDT,FUNDING,,,1.9784437095387337,-0.12557478971214336,"rate=0.000025, notional~4938.06"
2025-05-20 00:00:00+00:00,BTCUSDT,ENTRY_LONG,105751.716,,0.027476463572165023,0.0,trend long|scale=0.76|regScale=1.00|stopPct=0.0262
2025-05-20 12:00:00+00:00,BTCUSDT,ENTRY_LONG,105326.08834999999,,0.01976603535574916,0.0,trend long|scale=0.82|regScale=0.70|stopPct=0.0221
2025-05-20 16:00:00+00:00,BTCUSDT,FUNDING,,,0.01976603535574916,-0.026768510196993545,"rate=0.000013, notional~2114.42"
2025-05-20 16:00:00+00:00,BTCUSDT,FUNDING,,,0.027476463572165023,-0.03721049679772489,"rate=0.000013, notional~2939.22"
2025-05-20 20:00:00+00:00,ETHUSDT,ENTRY_LONG,2523.846927,,0.4705074653144743,0.0,micro trend long|scale=0.29|regScale=1.80|stopPct=0.0615
2025-05-21 00:00:00+00:00,BTCUSDT,FUNDING,,,0.027476463572165023,-0.25724473500044603,"rate=0.000088, notional~2934.24"
2025-05-21 00:00:00+00:00,ETHUSDT,FUNDING,,,0.4705074653144743,-0.043841083449825104,"rate=0.000037, notional~1196.86"
2025-05-21 00:00:00+00:00,BTCUSDT,FUNDING,,,0.01976603535574916,-0.18505687654251815,"rate=0.000088, notional~2110.83"
2025-05-21 08:00:00+00:00,BTCUSDT,EXIT,105326.08834999999,106458.95273,0.01976603535574916,22.392237388349123,CLOSE_BY_SIGNAL
2025-05-21 12:00:00+00:00,BTCUSDT,PYRAMID_LONG,108969.28098,,0.013867540982976422,0.0,trend long|pyramid#1
2025-05-21 16:00:00+00:00,BTCUSDT,ENTRY_LONG,108579.86419,,0.02073509143228447,0.0,trend long|scale=0.84|regScale=0.70|stopPct=0.0213
2025-05-21 16:00:00+00:00,ETHUSDT,STOP_LONG,2523.846927,2453.8510523428577,0.4705074653144743,-32.93358156740172,
2025-05-21 16:00:00+00:00,BTCUSDT,ENTRY_LONG,108579.86419,,0.024388850968589015,0.0,trend long|scale=0.73|regScale=1.00|stopPct=0.0274
2025-05-21 16:00:00+00:00,BTCUSDT,STOP_LONG,106830.94658507865,106324.04607128573,0.04134400455514144,-20.957297151258015,
2025-05-22 00:00:00+00:00,BTCUSDT,PYRAMID_LONG,111789.42676999999,,0.009052953169744818,0.0,trend long|pyramid#1
2025-05-23 08:00:00+00:00,BTCUSDT,FUNDING,,,0.033441804138333836,-0.26475544098683146,"rate=0.000073, notional~3646.27"
2025-05-23 08:00:00+00:00,BTCUSDT,FUNDING,,,0.02073509143228447,-0.16415765887953251,"rate=0.000073, notional~2260.81"
2025-05-23 08:00:00+00:00,BTCUSDT,EXIT,108579.86419,109000.49004,0.02073509143228447,8.721715458532605,CLOSE_BY_SIGNAL
2025-05-23 12:00:00+00:00,BTCUSDT,STOP_LONG,109448.71742566614,108494.79750757142,0.033441804138333836,-31.900803064579016,
2025-05-23 12:00:00+00:00,BTCUSDT,ENTRY_LONG,108925.06771999999,,0.006525982632149859,0.0,guarded trend pullback long|guard_size_down=0.500|scale=0.54|regScale=1.00|stopPct=0.0374
2025-05-23 20:00:00+00:00,BTCUSDT,EXIT,108925.06771999999,107239.31855,0.006525982632149859,-11.00116980558101,CLOSE_BY_SIGNAL
2025-05-24 08:00:00+00:00,BTCUSDT,ENTRY_LONG,109184.94566,,0.030853152653736924,0.0,trend long|scale=0.82|regScale=1.00|stopPct=0.0243
2025-05-24 20:00:00+00:00,BTCUSDT,EXIT,109184.94566,107666.59032999999,0.030853152653736924,-46.84604877910528,CLOSE_BY_SIGNAL
2025-05-25 20:00:00+00:00,BTCUSDT,ENTRY_LONG,108988.58677,,0.03720251517835631,0.0,trend long|scale=0.91|regScale=1.00|stopPct=0.0220
2025-05-25 20:00:00+00:00,ETHUSDT,ENTRY_LONG,2550.795009,,0.9440837632967983,0.0,trend long|scale=0.70|regScale=1.00|stopPct=0.0286
2025-05-26 00:00:00+00:00,ETHUSDT,FUNDING,,,0.9440837632967983,-0.009302454306985822,"rate=0.000004, notional~2416.22"
2025-05-26 00:00:00+00:00,BTCUSDT,FUNDING,,,0.03720251517835631,-0.29887842098165257,"rate=0.000073, notional~4076.91"
2025-05-26 08:00:00+00:00,ETHUSDT,FUNDING,,,0.9440837632967983,-0.19499707664510232,"rate=0.000080, notional~2423.23"
2025-05-26 16:00:00+00:00,ETHUSDT,EXIT,2550.795009,2539.208009,0.9440837632967983,-10.939098565319991,CLOSE_BY_SIGNAL
2025-05-26 20:00:00+00:00,ETHUSDT,ENTRY_LONG,2563.1987289999997,,0.8634922973047572,0.0,trend long|scale=0.67|regScale=1.00|stopPct=0.0298
2025-05-27 00:00:00+00:00,BTCUSDT,EXIT,108988.58677,108812.24653,0.03720251517835631,-6.560300455154638,CLOSE_BY_SIGNAL
2025-05-27 04:00:00+00:00,BTCUSDT,ENTRY_LONG,109520.8464,,0.04393951415501054,0.0,trend long|scale=0.99|regScale=1.00|stopPct=0.0202
2025-05-28 12:00:00+00:00,BTCUSDT,STOP_LONG,109520.8464,107244.95400171429,0.04393951415501054,-100.00160624975578,
2025-05-29 12:00:00+00:00,ETHUSDT,EXIT,2563.1987289999997,2641.667262,0.8634922973047572,67.75697382630433,CLOSE_BY_SIGNAL
2025-05-29 16:00:00+00:00,ETHUSDT,ENTRY_LONG,2650.144805,,0.45037607573916016,0.0,trend long|scale=0.49|regScale=1.00|stopPct=0.0410
2025-05-30 00:00:00+00:00,ETHUSDT,EXIT,2650.144805,2629.600883,0.45037607573916016,-9.252490970651326,CLOSE_BY_SIGNAL
2025-05-30 08:00:00+00:00,BTCUSDT,ENTRY_SHORT,105795.65178,,0.04267478573897864,0.0,bear trend short|scale=1.01|regScale=1.00|stopPct=0.0179
2025-05-30 16:00:00+00:00,BTCUSDT,FUNDING,,,0.04267478573897864,0.32995523807853816,"rate=0.000074, notional~4463.68"
2025-05-31 00:00:00+00:00,BTCUSDT,FUNDING,,,0.04267478573897864,0.37620498936832525,"rate=0.000085, notional~4422.82"
2025-05-31 08:00:00+00:00,BTCUSDT,FUNDING,,,0.04267478573897864,0.3334337697943703,"rate=0.000076, notional~4415.17"
2025-05-31 16:00:00+00:00,BTCUSDT,FUNDING,,,0.04267478573897864,0.209325298925977,"rate=0.000047, notional~4466.08"
2025-05-31 20:00:00+00:00,ETHUSDT,ENTRY_SHORT,2526.321876,,0.7868326371739813,0.0,bear trend short|scale=0.66|regScale=1.00|stopPct=0.0272
2025-06-01 08:00:00+00:00,BTCUSDT,EXIT,105795.65178,104069.2114,0.04267478573897864,73.67547330762086,CLOSE_BY_SIGNAL
2025-06-01 16:00:00+00:00,ETHUSDT,FUNDING,,,0.7868326371739813,0.06695647296731301,"rate=0.000034, notional~1986.84"
2025-06-02 08:00:00+00:00,ETHUSDT,FUNDING,,,0.7868326371739813,0.10494460035927428,"rate=0.000054, notional~1951.37"
2025-06-02 12:00:00+00:00,ETHUSDT,STOP_SHORT,2526.321876,2546.4564221,0.7868326371739813,-15.842518006164163,
2025-06-04 12:00:00+00:00,ETHUSDT,ENTRY_LONG,2667.7100729999997,,0.5471936569749029,0.0,trend long|scale=0.68|regScale=0.70|stopPct=0.0265
2025-06-04 16:00:00+00:00,ETHUSDT,FUNDING,,,0.5471936569749029,-0.11331711374332266,"rate=0.000079, notional~1434.94"
2025-06-05 08:00:00+00:00,ETHUSDT,FUNDING,,,0.5471936569749029,-0.12135274124137152,"rate=0.000085, notional~1426.34"
2025-06-05 08:00:00+00:00,ETHUSDT,STOP_LONG,2667.7100729999997,2595.3951478,0.5471936569749029,-39.570268374054464,
2025-06-08 04:00:00+00:00,ETHUSDT,ENTRY_SHORT,2512.695965,,1.7052324983462377,0.0,bear trend short|scale=0.98|regScale=1.00|stopPct=0.0184
2025-06-08 08:00:00+00:00,ETHUSDT,FUNDING,,,1.7052324983462377,0.40792615104239505,"rate=0.000095, notional~4284.04"
2025-06-08 08:00:00+00:00,ETHUSDT,EXIT,2512.695965,2513.043687,1.7052324983462377,-0.5929468547899097,CLOSE_BY_SIGNAL
2025-06-09 08:00:00+00:00,BTCUSDT,ENTRY_LONG,107740.21237,,0.11433292138462231,0.0,trend long|scale=1.68|regScale=1.00|stopPct=0.0119
2025-06-09 20:00:00+00:00,BTCUSDT,PYRAMID_LONG,110260.96836999999,,0.03506008120802001,0.0,trend long|pyramid#1
2025-06-09 20:00:00+00:00,BTCUSDT,ENTRY_LONG,110260.96836999999,,0.06931704080732333,0.0,trend long|scale=1.56|regScale=0.70|stopPct=0.0115
2025-06-10 00:00:00+00:00,BTCUSDT,FUNDING,,,0.06931704080732333,-0.4839143571450087,"rate=0.000064, notional~7592.00"
2025-06-10 00:00:00+00:00,BTCUSDT,PYRAMID_LONG,109558.65774,,0.032769956537444994,0.0,trend long|pyramid#2
2025-06-10 00:00:00+00:00,BTCUSDT,FUNDING,,,0.14939300259264232,-1.0429386189830443,"rate=0.000064, notional~16362.39"
2025-06-10 04:00:00+00:00,ETHUSDT,ENTRY_LONG,2677.473001,,0.8903173144860322,0.0,trend long|scale=0.69|regScale=1.00|stopPct=0.0288
2025-06-10 08:00:00+00:00,ETHUSDT,PYRAMID_LONG,2773.821897,,0.27962789426390006,0.0,trend long|pyramid#1
2025-06-10 12:00:00+00:00,BTCUSDT,ENTRY_LONG,109007.99259,,0.047992969504579236,0.0,trend long|scale=1.31|regScale=0.70|stopPct=0.0137
2025-06-10 12:00:00+00:00,BTCUSDT,STOP_LONG,110260.96836999999,108925.772462,0.06931704080732333,-92.55182924060672,
2025-06-10 16:00:00+00:00,ETHUSDT,PYRAMID_LONG,2773.701861,,0.20395667531103345,0.0,trend long|pyramid#2
2025-06-10 16:00:00+00:00,ETHUSDT,ENTRY_LONG,2773.701861,,0.3951901653133997,0.0,trend long|scale=0.60|regScale=0.70|stopPct=0.0300
2025-06-10 16:00:00+00:00,BTCUSDT,EXIT,109007.99259,109427.162,0.047992969504579236,20.117184711382578,CLOSE_BY_SIGNAL
2025-06-10 20:00:00+00:00,ETHUSDT,PYRAMID_LONG,2816.5847219999996,,0.1863262896791118,0.0,trend long|pyramid#3
2025-06-11 00:00:00+00:00,BTCUSDT,FUNDING,,,0.18216295913008732,-1.7537577382747962,"rate=0.000088, notional~19976.74"
2025-06-11 08:00:00+00:00,BTCUSDT,ENTRY_LONG,109232.86003,,0.04217808942739786,0.0,trend long|scale=1.23|regScale=0.70|stopPct=0.0147
2025-06-11 08:00:00+00:00,BTCUSDT,FUNDING,,,0.18216295913008732,-1.6689567003419918,"rate=0.000084, notional~19892.21"
2025-06-12 00:00:00+00:00,BTCUSDT,STOP_LONG,108552.49762553623,107821.11538714285,0.18216295913008732,-133.23075280092377,
2025-06-12 00:00:00+00:00,BTCUSDT,ENTRY_LONG,107852.84615,,0.01654199181375802,0.0,guarded trend pullback long|guard_size_down=0.500|scale=0.86|regScale=1.00|stopPct=0.0233
2025-06-12 00:00:00+00:00,BTCUSDT,EXIT,109232.86003,107788.15385,0.04217808942739786,-60.93494645635409,CLOSE_BY_SIGNAL
2025-06-12 04:00:00+00:00,ETHUSDT,STOP_LONG,2773.701861,2732.6745230571432,0.3951901653133997,-16.213600464006284,
2025-06-12 08:00:00+00:00,BTCUSDT,EXIT,107852.84615,106830.84113,0.01654199181375802,-16.90599867445955,CLOSE_BY_SIGNAL
2025-06-12 12:00:00+00:00,ETHUSDT,EXIT,2723.9332106683996,2717.434525,1.5602281737400776,-10.139432472117772,CLOSE_BY_SIGNAL
2025-06-14 04:00:00+00:00,BTCUSDT,ENTRY_SHORT,104993.59247,,0.043621432689366364,0.0,bear trend short|scale=1.04|regScale=1.00|stopPct=0.0173
2025-06-14 08:00:00+00:00,BTCUSDT,FUNDING,,,0.043621432689366364,0.1767575588764728,"rate=0.000039, notional~4581.59"
2025-06-14 16:00:00+00:00,BTCUSDT,FUNDING,,,0.043621432689366364,0.05177903777542252,"rate=0.000011, notional~4562.03"
2025-06-14 16:00:00+00:00,ETHUSDT,ENTRY_SHORT,2505.558107,,0.43699483302134356,0.0,bear trend short|scale=0.51|regScale=1.00|stopPct=0.0356
2025-06-15 08:00:00+00:00,BTCUSDT,EXIT,104993.59247,104955.97735,0.043621432689366364,1.6408254251825347,CLOSE_BY_SIGNAL
2025-06-15 12:00:00+00:00,ETHUSDT,EXIT,2505.558107,2541.552237,0.43699483302134356,-15.729248829098552,CLOSE_BY_SIGNAL
2025-06-18 08:00:00+00:00,ETHUSDT,ENTRY_SHORT,2511.8362230000002,,0.4371288550082941,0.0,vol break short|scale=0.54|regScale=0.80|stopPct=0.0373
2025-06-18 12:00:00+00:00,ETHUSDT,ENTRY_SHORT,2507.087648,,0.6847088730006575,0.0,vol break short|scale=0.45|regScale=1.80|stopPct=0.0399
2025-06-18 16:00:00+00:00,BTCUSDT,ENTRY_SHORT,103742.16801000001,,0.03564046986041533,0.0,vol break short|scale=0.98|regScale=0.80|stopPct=0.0203
2025-06-19 16:00:00+00:00,ETHUSDT,FUNDING,,,0.6847088730006575,0.08371154876840528,"rate=0.000049, notional~1714.35"
2025-06-19 16:00:00+00:00,BTCUSDT,ENTRY_SHORT,104171.33922000001,,0.05997267344110046,0.0,bear trend short|scale=1.22|regScale=1.00|stopPct=0.0148
2025-06-19 16:00:00+00:00,ETHUSDT,FUNDING,,,0.4371288550082941,0.05344276218262011,"rate=0.000049, notional~1094.47"
2025-06-19 16:00:00+00:00,BTCUSDT,FUNDING,,,0.03564046986041533,0.08898335780725888,"rate=0.000024, notional~3713.83"
2025-06-20 00:00:00+00:00,BTCUSDT,FUNDING,,,0.05997267344110046,0.2235415021763421,"rate=0.000036, notional~6270.45"
2025-06-20 00:00:00+00:00,ETHUSDT,FUNDING,,,0.6847088730006575,0.14032507999408628,"rate=0.000081, notional~1722.84"
2025-06-20 00:00:00+00:00,ETHUSDT,FUNDING,,,0.4371288550082941,0.08958572608814917,"rate=0.000081, notional~1099.89"
2025-06-20 00:00:00+00:00,BTCUSDT,FUNDING,,,0.03564046986041533,0.13284590653929165,"rate=0.000036, notional~3726.39"
2025-06-20 04:00:00+00:00,ETHUSDT,EXIT,2511.8362230000002,2549.36458,0.4371288550082941,-16.404727725752362,CLOSE_BY_SIGNAL
2025-06-20 04:00:00+00:00,BTCUSDT,EXIT,103742.16801000001,105795.22905,0.03564046986041533,-73.17206011771245,CLOSE_BY_SIGNAL
2025-06-20 04:00:00+00:00,ETHUSDT,EXIT,2507.087648,2549.36458,0.6847088730006575,-28.94739046364527,CLOSE_BY_SIGNAL
2025-06-20 04:00:00+00:00,BTCUSDT,STOP_SHORT,104171.33922000001,105777.413707,0.05997267344110046,-96.32058073093339,
2025-06-20 20:00:00+00:00,BTCUSDT,ENTRY_SHORT,103215.12617,,0.058298334936698754,0.0,bear trend short|scale=1.22|regScale=1.00|stopPct=0.0148
2025-06-21 04:00:00+00:00,BTCUSDT,EXIT,103215.12617,103433.22065999999,0.058298334936698754,-12.714545625867832,CLOSE_BY_SIGNAL
2025-06-22 04:00:00+00:00,ETHUSDT,ENTRY_SHORT,2269.0590779999998,,0.4498318402116336,0.0,bear trend short|scale=0.50|regScale=1.00|stopPct=0.0358
2025-06-22 08:00:00+00:00,ETHUSDT,FUNDING,,,0.4498318402116336,-0.017997735940320243,"rate=-0.000018, notional~1022.02"
2025-06-22 16:00:00+00:00,BTCUSDT,ENTRY_SHORT,98800.05109,,0.03433096176687954,0.0,bear trend short|scale=0.91|regScale=1.00|stopPct=0.0198
2025-06-22 20:00:00+00:00,BTCUSDT,STOP_SHORT,98800.05109,100812.63471999999,0.03433096176687954,-69.09393165417742,
2025-06-23 00:00:00+00:00,BTCUSDT,ENTRY_SHORT,101074.06868,,0.03487621935758413,0.0,bear trend short|scale=0.94|regScale=1.00|stopPct=0.0191
2025-06-23 00:00:00+00:00,ETHUSDT,FUNDING,,,0.4498318402116336,0.02300158530575008,"rate=0.000023, notional~1004.87"
2025-06-23 12:00:00+00:00,ETHUSDT,STOP_SHORT,2269.0590779999998,2304.7076335,0.4498318402116336,-16.035855321451724,
2025-06-23 12:00:00+00:00,ETHUSDT,ENTRY_SHORT,2246.4958490000004,,0.3620422481908541,0.0,bear trend short|scale=0.42|regScale=1.00|stopPct=0.0432
2025-06-23 16:00:00+00:00,BTCUSDT,STOP_SHORT,101074.06868,103064.14997199998,0.03487621935758413,-69.40651167921601,
2025-06-23 20:00:00+00:00,ETHUSDT,STOP_SHORT,2246.4958490000004,2344.9282675,0.3620422481908541,-35.63669408860287,
2025-06-25 08:00:00+00:00,BTCUSDT,ENTRY_LONG,107168.44089,,0.03307317294543162,0.0,trend long|scale=0.87|regScale=1.00|stopPct=0.0231
2025-06-25 12:00:00+00:00,BTCUSDT,ENTRY_LONG,107014.69478,,0.024432898670219357,0.0,trend long|scale=0.99|regScale=0.70|stopPct=0.0181
2025-06-26 00:00:00+00:00,BTCUSDT,FUNDING,,,0.024432898670219357,-0.0037140721206762647,"rate=0.000001, notional~2634.09"
2025-06-26 00:00:00+00:00,BTCUSDT,FUNDING,,,0.03307317294543162,-0.005027489829876549,"rate=0.000001, notional~3565.60"
2025-06-27 00:00:00+00:00,BTCUSDT,FUNDING,,,0.024432898670219357,-0.02921377288877234,"rate=0.000011, notional~2624.78"
2025-06-27 00:00:00+00:00,BTCUSDT,FUNDING,,,0.03307317294543162,-0.03954472108201375,"rate=0.000011, notional~3552.98"
2025-06-27 08:00:00+00:00,BTCUSDT,FUNDING,,,0.024432898670219357,-0.06958271431235333,"rate=0.000027, notional~2612.94"
2025-06-27 08:00:00+00:00,BTCUSDT,EXIT,107014.69478,106911.61689,0.024432898670219357,-2.5184916415100287,CLOSE_BY_SIGNAL
2025-06-27 08:00:00+00:00,BTCUSDT,FUNDING,,,0.03307317294543162,-0.09418944413951358,"rate=0.000027, notional~3536.97"
2025-06-28 16:00:00+00:00,BTCUSDT,FUNDING,,,0.03307317294543162,-0.15715000073821195,"rate=0.000044, notional~3544.20"
2025-06-29 12:00:00+00:00,ETHUSDT,ENTRY_LONG,2436.090608,,1.7127939867672044,0.0,trend long|scale=1.26|regScale=0.70|stopPct=0.0143
2025-06-29 16:00:00+00:00,ETHUSDT,EXIT,2436.090608,2436.078957,1.7127939867672044,-0.01995576273948483,CLOSE_BY_SIGNAL
2025-06-30 00:00:00+00:00,BTCUSDT,FUNDING,,,0.03307317294543162,-0.038886743138655484,"rate=0.000011, notional~3587.34"
2025-06-30 00:00:00+00:00,ETHUSDT,ENTRY_LONG,2499.169526,,1.519501950359628,0.0,trend long|scale=1.20|regScale=0.70|stopPct=0.0150
2025-06-30 04:00:00+00:00,ETHUSDT,STOP_LONG,2499.169526,2460.1977192000004,1.519501950359628,-59.21773644163822,
2025-06-30 08:00:00+00:00,ETHUSDT,ENTRY_LONG,2457.927157,,1.1137351117497882,0.0,trend long|scale=1.03|regScale=0.70|stopPct=0.0175
2025-06-30 08:00:00+00:00,ETHUSDT,ENTRY_LONG,2457.927157,,1.5232997926181828,0.0,trend long|scale=0.89|regScale=1.00|stopPct=0.0225
2025-06-30 12:00:00+00:00,BTCUSDT,STOP_LONG,107168.44089,107081.85151857144,0.03307317294543162,-2.8637852564930806,
2025-06-30 16:00:00+00:00,ETHUSDT,EXIT,2457.927157,2514.0255660000003,1.1137351117497882,62.47876781660052,CLOSE_BY_SIGNAL
2025-07-01 12:00:00+00:00,ETHUSDT,STOP_LONG,2457.927157,2414.9672209928576,1.5232997926181828,-65.44086161057051,
2025-07-02 12:00:00+00:00,BTCUSDT,ENTRY_LONG,108727.90859,,0.07855179278908658,0.0,vol break long|scale=1.52|regScale=0.80|stopPct=0.0131
2025-07-02 16:00:00+00:00,BTCUSDT,ENTRY_LONG,109654.78657,,0.09638905295280835,0.0,vol break long|scale=1.25|regScale=1.80|stopPct=0.0144
2025-07-02 16:00:00+00:00,ETHUSDT,ENTRY_LONG,2604.431095,,0.7909271558449043,0.0,vol break long|scale=0.74|regScale=0.80|stopPct=0.0271
2025-07-04 04:00:00+00:00,ETHUSDT,STOP_LONG,2604.431095,2532.4211171071433,0.7909271558449043,-56.954647007251474,
2025-07-04 04:00:00+00:00,ETHUSDT,ENTRY_LONG,2534.610155,,0.6378380036613247,0.0,trend long|scale=0.59|regScale=1.00|stopPct=0.0339
2025-07-04 08:00:00+00:00,ETHUSDT,ENTRY_LONG,2548.7744030000003,,0.5211098070278749,0.0,trend long|scale=0.72|regScale=0.70|stopPct=0.0250
2025-07-04 08:00:00+00:00,BTCUSDT,EXIT,109654.78657,108809.64731,0.09638905295280835,-81.4621728846369,CLOSE_BY_SIGNAL
2025-07-04 12:00:00+00:00,ETHUSDT,EXIT,2548.7744030000003,2498.860117,0.5211098070278749,-26.01082394539425,CLOSE_BY_SIGNAL
2025-07-04 12:00:00+00:00,ETHUSDT,EXIT,2534.610155,2498.860117,0.6378380036613247,-22.802732868736292,CLOSE_BY_SIGNAL
2025-07-04 12:00:00+00:00,BTCUSDT,STOP_LONG,108727.90859,107614.66305571428,0.07855179278908658,-87.44743253258852,
2025-07-06 12:00:00+00:00,ETHUSDT,ENTRY_LONG,2558.457307,,1.802010924067868,0.0,trend long|scale=1.00|regScale=1.00|stopPct=0.0199
2025-07-06 12:00:00+00:00,BTCUSDT,ENTRY_LONG,108889.45704,,0.13787570955496764,0.0,trend long|scale=2.19|regScale=1.00|stopPct=0.0091
2025-07-07 00:00:00+00:00,BTCUSDT,FUNDING,,,0.13787570955496764,-0.3558067493667027,"rate=0.000024, notional~15076.56"
2025-07-07 04:00:00+00:00,BTCUSDT,ENTRY_LONG,109049.00489,,0.12961816900253367,0.0,trend long|scale=2.49|regScale=0.70|stopPct=0.0072
2025-07-07 08:00:00+00:00,ETHUSDT,ENTRY_LONG,2562.598549,,1.2128659875822738,0.0,trend long|scale=1.12|regScale=0.70|stopPct=0.0160
2025-07-07 12:00:00+00:00,ETHUSDT,EXIT,2558.457307,2531.800232,1.802010924067868,-48.0363403536966,CLOSE_BY_SIGNAL
2025-07-07 12:00:00+00:00,BTCUSDT,STOP_LONG,109049.00489,108196.12142300002,0.12961816900253367,-110.54919336506998,
2025-07-07 12:00:00+00:00,ETHUSDT,EXIT,2562.598549,2531.800232,1.2128659875822738,-37.35423116407665,CLOSE_BY_SIGNAL
2025-07-07 12:00:00+00:00,BTCUSDT,STOP_LONG,108889.45704,107901.96612464286,0.13787570955496764,-136.1510106339495,
2025-07-07 16:00:00+00:00,ETHUSDT,ENTRY_LONG,2543.622858,,1.2399639677142578,0.0,trend long|scale=0.84|regScale=1.00|stopPct=0.0238
2025-07-08 00:00:00+00:00,ETHUSDT,EXIT,2543.622858,2536.058954,1.2399639677142578,-9.378968415249862,CLOSE_BY_SIGNAL
2025-07-08 04:00:00+00:00,ETHUSDT,ENTRY_LONG,2552.925648,,1.1483832576467563,0.0,trend long|scale=0.81|regScale=1.00|stopPct=0.0246
2025-07-08 04:00:00+00:00,BTCUSDT,ENTRY_LONG,108473.23220999999,,0.10083807406917436,0.0,trend long|scale=1.64|regScale=1.00|stopPct=0.0122
2025-07-08 16:00:00+00:00,ETHUSDT,FUNDING,,,1.1483832576467563,-0.19374696842162809,"rate=0.000065, notional~2996.40"
2025-07-08 16:00:00+00:00,BTCUSDT,FUNDING,,,0.10083807406917436,-0.394794858259521,"rate=0.000036, notional~10963.48"
2025-07-08 20:00:00+00:00,ETHUSDT,PYRAMID_LONG,2614.7541909999995,,0.3796685467683958,0.0,trend long|pyramid#1
2025-07-08 20:00:00+00:00,ETHUSDT,ENTRY_LONG,2614.7541909999995,,0.6391142339734435,0.0,trend long|scale=0.84|regScale=0.70|stopPct=0.0215
2025-07-09 12:00:00+00:00,ETHUSDT,EXIT,2614.7541909999995,2654.613377,0.6391142339734435,25.47457312719538,CLOSE_BY_SIGNAL
2025-07-09 16:00:00+00:00,ETHUSDT,PYRAMID_LONG,2764.389068,,0.2932709458618277,0.0,trend long|pyramid#2
2025-07-09 20:00:00+00:00,ETHUSDT,PYRAMID_LONG,2768.5303099999996,,0.28288005220477075,0.0,trend long|pyramid#3
2025-07-10 00:00:00+00:00,ETHUSDT,ENTRY_LONG,2775.342353,,0.46476072261941814,0.0,trend long|scale=0.73|regScale=0.70|stopPct=0.0246
2025-07-10 04:00:00+00:00,BTCUSDT,PYRAMID_LONG,111219.45583,,0.03130974430466192,0.0,vol break long|pyramid#1
2025-07-10 04:00:00+00:00,BTCUSDT,ENTRY_LONG,111219.45583,,0.08558476411327576,0.0,vol break long|scale=1.24|regScale=1.80|stopPct=0.0145
2025-07-10 08:00:00+00:00,BTCUSDT,PYRAMID_LONG,111005.49166,,0.02908442848370664,0.0,trend long|pyramid#2
2025-07-10 08:00:00+00:00,ETHUSDT,FUNDING,,,2.1042028024817503,-0.1641043154899539,"rate=0.000028, notional~5844.17"
2025-07-10 08:00:00+00:00,BTCUSDT,FUNDING,,,0.13214781837383627,-1.249875289912261,"rate=0.000085, notional~14664.73"
2025-07-10 08:00:00+00:00,BTCUSDT,FUNDING,,,0.08558476411327576,-0.8094744444099872,"rate=0.000085, notional~9497.53"
2025-07-10 08:00:00+00:00,ETHUSDT,FUNDING,,,0.46476072261941814,-0.03624614517294725,"rate=0.000028, notional~1290.82"
2025-07-10 12:00:00+00:00,BTCUSDT,PYRAMID_LONG,111383.405,,0.028617573755238896,0.0,trend long|pyramid#3
2025-07-12 00:00:00+00:00,ETHUSDT,FUNDING,,,0.46476072261941814,-0.1106781021250108,"rate=0.000080, notional~1377.96"
2025-07-12 00:00:00+00:00,ETHUSDT,FUNDING,,,2.1042028024817503,-0.5010947813150654,"rate=0.000080, notional~6238.73"
2025-07-12 08:00:00+00:00,ETHUSDT,EXIT,2775.342353,2961.651238,0.46476072261941814,86.58905202301804,CLOSE_BY_SIGNAL
2025-07-12 16:00:00+00:00,BTCUSDT,EXIT,111219.45583,117490.44229,0.08558476411327576,536.7008969366461,CLOSE_BY_SIGNAL
2025-07-14 00:00:00+00:00,BTCUSDT,FUNDING,,,0.1898498206127818,-1.8453839089051922,"rate=0.000081, notional~22921.18"
2025-07-14 00:00:00+00:00,ETHUSDT,FUNDING,,,2.1042028024817503,-0.06376359986844768,"rate=0.000010, notional~6389.14"
2025-07-14 12:00:00+00:00,BTCUSDT,STOP_LONG,109752.7433620021,119976.8711375,0.1898498206127818,1941.048824100435,
2025-07-17 04:00:00+00:00,ETHUSDT,ENTRY_LONG,3449.4045109999997,,0.22443596868109283,0.0,trend long|scale=0.51|regScale=0.70|stopPct=0.0351
2025-07-19 00:00:00+00:00,ETHUSDT,EXIT,3449.4045109999997,3590.6624779999997,0.22443596868109283,31.70336865756685,CLOSE_BY_SIGNAL
2025-07-21 20:00:00+00:00,ETHUSDT,ENTRY_LONG,3762.088288,,0.2981273243101216,0.0,trend long|scale=0.61|regScale=0.70|stopPct=0.0293
2025-07-22 04:00:00+00:00,ETHUSDT,EXIT,2622.5390370410105,3675.3370680000003,2.1042028024817503,2215.3005671911747,CLOSE_BY_SIGNAL
2025-07-22 04:00:00+00:00,ETHUSDT,EXIT,3762.088288,3675.3370680000003,0.2981273243101216,-25.862909099238603,CLOSE_BY_SIGNAL
2025-07-22 20:00:00+00:00,ETHUSDT,ENTRY_LONG,3747.133803,,0.4322696611341874,0.0,trend long|scale=0.47|regScale=1.00|stopPct=0.0421
2025-07-23 04:00:00+00:00,ETHUSDT,EXIT,3747.133803,3671.168319,0.4322696611341874,-32.83757402657466,CLOSE_BY_SIGNAL
2025-07-24 20:00:00+00:00,ETHUSDT,ENTRY_LONG,3707.31186,,0.22463387626756923,0.0,trend long|scale=0.53|regScale=0.70|stopPct=0.0339
2025-07-25 00:00:00+00:00,ETHUSDT,STOP_LONG,3707.31186,3579.5138236,0.22463387626756923,-28.70776829591591,
2025-07-25 04:00:00+00:00,BTCUSDT,ENTRY_LONG,115323.38664,,0.037797191541427834,0.0,chop long z=-3.31|scale=0.97|regScale=1.10|stopPct=0.0185
2025-07-27 16:00:00+00:00,ETHUSDT,ENTRY_LONG,3828.498205,,0.7974420732608175,0.0,trend long|scale=0.67|regScale=1.00|stopPct=0.0299
2025-07-27 20:00:00+00:00,BTCUSDT,ENTRY_LONG,119459.22701999999,,0.160279991720344,0.0,trend long|scale=1.88|regScale=1.00|stopPct=0.0107
2025-07-28 04:00:00+00:00,ETHUSDT,ENTRY_LONG,3893.177603,,0.5669129823129777,0.0,trend long|scale=0.85|regScale=0.70|stopPct=0.0211
2025-07-28 12:00:00+00:00,BTCUSDT,STOP_LONG,119459.22701999999,118115.49614614286,0.160279991720344,-215.3731733361914,
2025-07-28 12:00:00+00:00,BTCUSDT,STOP_LONG,115323.38664,118115.49614614286,0.037797191541427834,105.53389780832332,
2025-07-28 12:00:00+00:00,ETHUSDT,STOP_LONG,3893.177603,3808.5910798000004,0.5669129823129777,-47.95319813079768,
2025-07-28 12:00:00+00:00,ETHUSDT,ENTRY_LONG,3807.231827,,0.4637719393710671,0.0,trend long|scale=0.77|regScale=0.70|stopPct=0.0234
2025-07-29 00:00:00+00:00,BTCUSDT,ENTRY_LONG,118781.22368,,0.13578303859165944,0.0,trend long|scale=1.62|regScale=1.00|stopPct=0.0124
2025-07-29 00:00:00+00:00,ETHUSDT,STOP_LONG,3828.498205,3743.9650448571433,0.7974420732608175,-67.41029848360824,
2025-07-29 00:00:00+00:00,ETHUSDT,EXIT,3807.231827,3789.322862,0.4637719393710671,-8.3056754301786,CLOSE_BY_SIGNAL
2025-07-29 08:00:00+00:00,ETHUSDT,ENTRY_LONG,3825.797395,,0.6097152590444394,0.0,trend long|scale=0.59|regScale=1.00|stopPct=0.0337
2025-07-29 12:00:00+00:00,BTCUSDT,STOP_LONG,118781.22368,117241.34704100002,0.13578303859165944,-209.08912909972912,
2025-07-29 16:00:00+00:00,ETHUSDT,EXIT,3825.797395,3762.6508660000004,0.6097152590444394,-38.50140228699198,CLOSE_BY_SIGNAL
2025-07-30 00:00:00+00:00,ETHUSDT,ENTRY_LONG,3816.764686,,0.4943379887483399,0.0,trend long|scale=0.54|regScale=1.00|stopPct=0.0370
2025-07-30 08:00:00+00:00,ETHUSDT,FUNDING,,,0.4943379887483399,-0.09439309067208193,"rate=0.000051, notional~1857.04"
2025-07-30 16:00:00+00:00,ETHUSDT,STOP_LONG,3816.764686,3673.1650055285713,0.4943379887483399,-70.9867772291503,
2025-08-01 08:00:00+00:00,BTCUSDT,ENTRY_SHORT,115212.02602,,0.05067936425948323,0.0,bear trend short|scale=1.17|regScale=1.00|stopPct=0.0153
2025-08-01 16:00:00+00:00,BTCUSDT,FUNDING,,,0.05067936425948323,0.32613952711405775,"rate=0.000057, notional~5740.88"
2025-08-02 04:00:00+00:00,ETHUSDT,ENTRY_SHORT,3516.624696,,0.38343852635150355,0.0,bear trend short|scale=0.56|regScale=1.00|stopPct=0.0322
2025-08-02 08:00:00+00:00,BTCUSDT,FUNDING,,,0.05067936425948323,0.051529183713036594,"rate=0.000009, notional~5763.89"
2025-08-02 08:00:00+00:00,ETHUSDT,FUNDING,,,0.38343852635150355,0.00883462690790146,"rate=0.000007, notional~1344.69"
2025-08-02 16:00:00+00:00,BTCUSDT,FUNDING,,,0.05067936425948323,0.2522426968409763,"rate=0.000044, notional~5684.98"
2025-08-02 16:00:00+00:00,ETHUSDT,FUNDING,,,0.38343852635150355,0.10326939993491499,"rate=0.000080, notional~1296.54"
2025-08-03 00:00:00+00:00,ETHUSDT,FUNDING,,,0.38343852635150355,0.08886105029308787,"rate=0.000067, notional~1319.78"
2025-08-03 00:00:00+00:00,BTCUSDT,FUNDING,,,0.05067936425948323,0.324161542542781,"rate=0.000056, notional~5754.69"
2025-08-03 08:00:00+00:00,BTCUSDT,FUNDING,,,0.05067936425948323,0.2614554399035913,"rate=0.000045, notional~5767.82"
2025-08-03 08:00:00+00:00,ETHUSDT,FUNDING,,,0.38343852635150355,0.07682772475009145,"rate=0.000058, notional~1335.67"
2025-08-03 08:00:00+00:00,BTCUSDT,EXIT,115212.02602,113844.24303,0.05067936425948323,69.31837237813546,CLOSE_BY_SIGNAL
2025-08-03 16:00:00+00:00,ETHUSDT,EXIT,3516.624696,3496.3685960000003,0.38343852635150355,7.76696913362854,CLOSE_BY_SIGNAL
2025-08-07 20:00:00+00:00,BTCUSDT,ENTRY_SHORT,117384.67403,,0.0654184850201106,0.0,chop short z=1.55|scale=1.27|regScale=1.10|stopPct=0.0142
2025-08-08 08:00:00+00:00,BTCUSDT,ENTRY_LONG,116875.55215,,0.0920824826132776,0.0,trend long|scale=1.29|regScale=1.00|stopPct=0.0155
2025-08-08 08:00:00+00:00,ETHUSDT,ENTRY_LONG,3917.4648869999996,,0.5968915332231235,0.0,trend long|scale=0.60|regScale=1.00|stopPct=0.0332
2025-08-08 12:00:00+00:00,ETHUSDT,ENTRY_LONG,3954.1859,,0.36806549654039666,0.0,trend long|scale=0.69|regScale=0.70|stopPct=0.0262
2025-08-08 16:00:00+00:00,BTCUSDT,FUNDING,,,0.0920824826132776,-0.8544635787443862,"rate=0.000080, notional~10716.96"
2025-08-08 16:00:00+00:00,ETHUSDT,PYRAMID_LONG,4061.2079969999995,,0.21279995666429363,0.0,trend long|pyramid#1
2025-08-08 16:00:00+00:00,BTCUSDT,FUNDING,,,0.0654184850201106,0.6070395936334116,"rate=0.000080, notional~7613.69"
2025-08-08 20:00:00+00:00,BTCUSDT,EXIT,117384.67403,116663.18845999999,0.0654184850201106,47.19849295327125,FLIP_CLOSE
2025-08-08 20:00:00+00:00,BTCUSDT,ENTRY_LONG,116663.18845999999,,0.06652378161060485,0.0,trend long|scale=1.58|regScale=0.70|stopPct=0.0114
2025-08-09 00:00:00+00:00,ETHUSDT,PYRAMID_LONG,4050.544799,,0.23106420219515517,0.0,trend long|pyramid#2
2025-08-09 04:00:00+00:00,ETHUSDT,PYRAMID_LONG,4170.95091,,0.18873328837685746,0.0,trend long|pyramid#3
2025-08-09 08:00:00+00:00,BTCUSDT,FUNDING,,,0.0920824826132776,-0.9795446708571787,"rate=0.000091, notional~10779.63"
2025-08-09 08:00:00+00:00,BTCUSDT,FUNDING,,,0.06652378161060485,-0.7076591976304811,"rate=0.000091, notional~7787.60"
2025-08-10 00:00:00+00:00,BTCUSDT,PYRAMID_LONG,118515.64403,,0.055536529737013354,0.0,trend long|pyramid#1
2025-08-10 00:00:00+00:00,BTCUSDT,EXIT,116663.18845999999,118444.55597000002,0.06652378161060485,118.50330320346865,CLOSE_BY_SIGNAL
2025-08-10 12:00:00+00:00,BTCUSDT,PYRAMID_LONG,118801.6298,,0.04859164844144424,0.0,trend long|pyramid#2
2025-08-10 16:00:00+00:00,ETHUSDT,EXIT,3954.1859,4245.92584,0.36806549654039666,107.3794058767655,CLOSE_BY_SIGNAL
2025-08-10 20:00:00+00:00,BTCUSDT,PYRAMID_LONG,119291.07659,,0.05111149141414547,0.0,trend long|pyramid#3
2025-08-11 00:00:00+00:00,ETHUSDT,FUNDING,,,1.2294889804594298,-0.46994564528523547,"rate=0.000089, notional~5296.36"
2025-08-11 00:00:00+00:00,BTCUSDT,ENTRY_LONG,121736.61003,,0.05737557686099457,0.0,trend long|scale=1.46|regScale=0.70|stopPct=0.0123
2025-08-11 08:00:00+00:00,ETHUSDT,FUNDING,,,1.2294889804594298,-0.4811304212517967,"rate=0.000094, notional~5143.58"
2025-08-11 12:00:00+00:00,BTCUSDT,STOP_LONG,121736.61003,120168.45864400001,0.05737557686099457,-89.9735903771172,
2025-08-11 16:00:00+00:00,BTCUSDT,ENTRY_LONG,119071.01059,,0.05881177687291331,0.0,trend long|scale=1.02|regScale=1.00|stopPct=0.0197
2025-08-11 16:00:00+00:00,BTCUSDT,STOP_LONG,118121.44684011246,118993.71260214287,0.2473221522058807,215.7306455608633,
2025-08-11 16:00:00+00:00,BTCUSDT,ENTRY_LONG,119071.01059,,0.0368943890374969,0.0,trend long|scale=1.18|regScale=0.70|stopPct=0.0153
2025-08-11 20:00:00+00:00,BTCUSDT,EXIT,119071.01059,118606.30743,0.0368943890374969,-17.144939171994338,CLOSE_BY_SIGNAL
2025-08-12 00:00:00+00:00,ETHUSDT,FUNDING,,,1.2294889804594298,-0.19273331309018416,"rate=0.000037, notional~5267.38"
2025-08-13 00:00:00+00:00,BTCUSDT,FUNDING,,,0.05881177687291331,-0.5003368561421189,"rate=0.000071, notional~7024.24"
2025-08-13 16:00:00+00:00,ETHUSDT,ENTRY_LONG,4740.141616,,0.20856791738763458,0.0,trend long|scale=0.56|regScale=0.70|stopPct=0.0321
2025-08-14 12:00:00+00:00,ETHUSDT,STOP_LONG,4740.141616,4585.0970581,0.20856791738763458,-32.337320543489476,
2025-08-14 12:00:00+00:00,BTCUSDT,STOP_LONG,119071.01059,120067.82098721429,0.05881177687291331,58.62419066556664,
2025-08-14 12:00:00+00:00,ETHUSDT,STOP_LONG,4006.2658308773784,4526.73907075,1.2294889804594298,639.9161130474056,
2025-08-17 04:00:00+00:00,BTCUSDT,ENTRY_SHORT,117914.51503,,0.1439091540189523,0.0,bear trend short|scale=1.95|regScale=1.00|stopPct=0.0092
2025-08-17 08:00:00+00:00,BTCUSDT,EXIT,117914.51503,118289.37616999999,0.1439091540189523,-53.94594953197912,CLOSE_BY_SIGNAL
2025-08-17 12:00:00+00:00,ETHUSDT,ENTRY_LONG,4560.9478739999995,,0.3247710077614998,0.0,trend long|scale=0.70|regScale=0.70|stopPct=0.0259
2025-08-17 16:00:00+00:00,ETHUSDT,STOP_LONG,4560.9478739999995,4440.3544939,0.3247710077614998,-39.16523358444233,
2025-08-17 20:00:00+00:00,BTCUSDT,ENTRY_SHORT,117318.59386000001,,0.1438159272354617,0.0,bear trend short|scale=2.33|regScale=1.00|stopPct=0.0077
2025-08-18 00:00:00+00:00,BTCUSDT,FUNDING,,,0.1438159272354617,0.4717793842904307,"rate=0.000028, notional~16576.93"
2025-08-18 12:00:00+00:00,BTCUSDT,EXIT,117318.59386000001,116134.22982,0.1438159272354617,170.3304125969396,CLOSE_BY_SIGNAL
2025-08-19 16:00:00+00:00,BTCUSDT,ENTRY_SHORT,113044.37651,,0.05635285469602334,0.0,bear trend short|scale=1.19|regScale=1.00|stopPct=0.0151
2025-08-20 00:00:00+00:00,BTCUSDT,FUNDING,,,0.05635285469602334,0.2904839266208447,"rate=0.000045, notional~6394.10"
2025-08-20 04:00:00+00:00,ETHUSDT,ENTRY_SHORT,4182.404902,,0.26490637106241055,0.0,bear trend short|scale=0.49|regScale=1.00|stopPct=0.0364
2025-08-20 08:00:00+00:00,BTCUSDT,FUNDING,,,0.05635285469602334,0.08734011171870341,"rate=0.000014, notional~6403.23"
2025-08-20 08:00:00+00:00,ETHUSDT,FUNDING,,,0.26490637106241055,0.0035326054531970956,"rate=0.000003, notional~1110.88"
2025-08-20 12:00:00+00:00,ETHUSDT,EXIT,4182.404902,4254.746041,0.26490637106241055,-19.16362861101145,CLOSE_BY_SIGNAL
2025-08-20 16:00:00+00:00,BTCUSDT,EXIT,113044.37651,114250.56489,0.05635285469602334,-67.97215851417135,CLOSE_BY_SIGNAL
2025-08-20 16:00:00+00:00,BTCUSDT,FUNDING,,,0.05635285469602334,0.31770142257386735,"rate=0.000049, notional~6436.41"
2025-08-21 04:00:00+00:00,BTCUSDT,ENTRY_SHORT,113802.64896,,0.0632069520834918,0.0,bear trend short|scale=1.28|regScale=1.00|stopPct=0.0141
2025-08-21 08:00:00+00:00,BTCUSDT,FUNDING,,,0.0632069520834918,0.5545261267821261,"rate=0.000078, notional~7148.72"
2025-08-22 04:00:00+00:00,BTCUSDT,EXIT,113802.64896,113074.01203,0.0632069520834918,46.05491952077306,CLOSE_BY_SIGNAL
2025-08-22 16:00:00+00:00,ETHUSDT,ENTRY_SHORT,4830.610382000001,,0.2230027714593597,0.0,chop short z=2.95|scale=0.44|regScale=1.10|stopPct=0.0408
2025-08-23 16:00:00+00:00,ETHUSDT,EXIT,4830.610382000001,4758.177025,0.2230027714593597,16.15283935710539,FLIP_CLOSE
2025-08-23 16:00:00+00:00,ETHUSDT,ENTRY_LONG,4758.177025,,0.1699644957181386,0.0,trend long|scale=0.51|regScale=0.70|stopPct=0.0354
2025-08-25 00:00:00+00:00,ETHUSDT,FUNDING,,,0.1699644957181386,-0.039611872207175124,"rate=0.000049, notional~803.16"
2025-08-25 00:00:00+00:00,ETHUSDT,EXIT,4758.177025,4724.042362,0.1699644957181386,-5.801680783303573,CLOSE_BY_SIGNAL
2025-08-25 16:00:00+00:00,BTCUSDT,ENTRY_SHORT,110617.20488,,0.04390649848960216,0.0,bear trend short|scale=1.04|regScale=1.00|stopPct=0.0172
2025-08-26 00:00:00+00:00,BTCUSDT,FUNDING,,,0.04390649848960216,0.2180522507111816,"rate=0.000045, notional~4822.03"
2025-08-26 08:00:00+00:00,BTCUSDT,FUNDING,,,0.04390649848960216,0.18808866914738856,"rate=0.000039, notional~4822.79"
2025-08-27 04:00:00+00:00,BTCUSDT,EXIT,110617.20488,110721.2064,0.04390649848960216,-4.56634258079592,CLOSE_BY_SIGNAL
2025-08-30 08:00:00+00:00,BTCUSDT,ENTRY_SHORT,108606.00842000001,,0.056012986639497525,0.0,bear trend short|scale=1.17|regScale=1.00|stopPct=0.0154
2025-08-30 20:00:00+00:00,ETHUSDT,ENTRY_SHORT,4370.6884,,0.4414041645083298,0.0,bear trend short|scale=0.66|regScale=1.00|stopPct=0.0273
2025-08-31 00:00:00+00:00,ETHUSDT,EXIT,4370.6884,4487.065716,0.4414041645083298,-51.369431936701915,CLOSE_BY_SIGNAL
2025-08-31 08:00:00+00:00,BTCUSDT,FUNDING,,,0.056012986639497525,0.28821714729248005,"rate=0.000047, notional~6069.01"
2025-09-01 00:00:00+00:00,BTCUSDT,EXIT,108606.00842000001,107651.38573000001,0.056012986639497525,53.4712679807314,CLOSE_BY_SIGNAL
2025-09-01 00:00:00+00:00,BTCUSDT,FUNDING,,,0.056012986639497525,0.2809079320071913,"rate=0.000047, notional~6028.07"
2025-09-05 08:00:00+00:00,BTCUSDT,ENTRY_SHORT,112265.91012000002,,0.0540766228979752,0.0,chop short z=1.42|scale=1.12|regScale=1.10|stopPct=0.0161
2025-09-05 12:00:00+00:00,BTCUSDT,EXIT,112265.91012000002,110707.30223,0.0540766228979752,84.28425111333956,CLOSE_BY_SIGNAL
2025-09-10 12:00:00+00:00,BTCUSDT,ENTRY_LONG,113835.44039,,0.098432252253916,0.0,vol break long|scale=1.42|regScale=0.80|stopPct=0.0141
2025-09-11 00:00:00+00:00,BTCUSDT,ENTRY_LONG,114388.70632,,0.10983013964999705,0.0,vol break long|scale=1.24|regScale=1.80|stopPct=0.0145
2025-09-11 00:00:00+00:00,BTCUSDT,FUNDING,,,0.098432252253916,-0.6576974958276947,"rate=0.000058, notional~11256.16"
2025-09-11 08:00:00+00:00,BTCUSDT,FUNDING,,,0.098432252253916,-0.4804424436334815,"rate=0.000043, notional~11217.43"
2025-09-11 08:00:00+00:00,BTCUSDT,FUNDING,,,0.10983013964999705,-0.5360749090850133,"rate=0.000043, notional~12516.34"
2025-09-12 00:00:00+00:00,ETHUSDT,ENTRY_LONG,4504.961082999999,,0.9013534656059317,0.0,trend long|scale=0.76|regScale=1.00|stopPct=0.0263
2025-09-12 00:00:00+00:00,BTCUSDT,PYRAMID_LONG,115172.84149,,0.0480225301773157,0.0,trend long|pyramid#1
2025-09-12 04:00:00+00:00,ETHUSDT,ENTRY_LONG,4525.747317,,0.531653074198324,0.0,trend long|scale=0.86|regScale=0.70|stopPct=0.0209
2025-09-12 16:00:00+00:00,BTCUSDT,PYRAMID_LONG,116596.06833000001,,0.04933733243448423,0.0,trend long|pyramid#2
2025-09-12 16:00:00+00:00,ETHUSDT,PYRAMID_LONG,4657.3967999999995,,0.30156757860307404,0.0,trend long|pyramid#1
2025-09-12 20:00:00+00:00,BTCUSDT,PYRAMID_LONG,116013.19351999999,,0.05854837358946547,0.0,trend long|pyramid#3
2025-09-12 20:00:00+00:00,ETHUSDT,PYRAMID_LONG,4712.243249,,0.30586002699985015,0.0,trend long|pyramid#2
2025-09-13 00:00:00+00:00,ETHUSDT,PYRAMID_LONG,4756.176425,,0.330014457751576,0.0,trend long|pyramid#3
2025-09-13 16:00:00+00:00,ETHUSDT,STOP_LONG,4525.747317,4621.464287514285,0.531653074198324,50.88822162687,
2025-09-13 16:00:00+00:00,BTCUSDT,FUNDING,,,0.2543404884551814,-0.923541195094191,"rate=0.000031, notional~29440.27"
2025-09-13 16:00:00+00:00,BTCUSDT,FUNDING,,,0.10983013964999705,-0.39880657242503526,"rate=0.000031, notional~12712.99"
2025-09-13 16:00:00+00:00,ETHUSDT,STOP_LONG,4609.526104394939,4621.464287514285,1.8387955289604319,21.951877743765856,
2025-09-14 00:00:00+00:00,ETHUSDT,ENTRY_LONG,4662.3983,,0.5463435124839102,0.0,trend long|scale=0.87|regScale=0.70|stopPct=0.0206
2025-09-14 04:00:00+00:00,BTCUSDT,EXIT,114388.70632,115711.27620000001,0.10983013964999705,145.25803461728094,CLOSE_BY_SIGNAL
2025-09-14 08:00:00+00:00,BTCUSDT,FUNDING,,,0.2543404884551814,-1.4072277715492507,"rate=0.000048, notional~29439.91"
2025-09-14 08:00:00+00:00,ETHUSDT,FUNDING,,,0.5463435124839102,-0.21026167259335835,"rate=0.000083, notional~2531.14"
2025-09-14 12:00:00+00:00,BTCUSDT,EXIT,115124.78016016514,115127.65134,0.2543404884551814,0.7302572816389827,CLOSE_BY_SIGNAL
2025-09-14 12:00:00+00:00,ETHUSDT,ENTRY_LONG,4581.594066,,0.30556032335364863,0.0,guarded trend pullback long|guard_size_down=0.500|scale=0.64|regScale=1.00|stopPct=0.0314
2025-09-14 12:00:00+00:00,ETHUSDT,EXIT,4662.3983,4578.845934000001,0.5463435124839102,-45.64829311678068,CLOSE_BY_SIGNAL
2025-09-15 04:00:00+00:00,ETHUSDT,EXIT,4581.594066,4593.5615179999995,0.30556032335364863,3.656778502839228,CLOSE_BY_SIGNAL
2025-09-15 08:00:00+00:00,BTCUSDT,ENTRY_LONG,115043.5027,,0.07266418066784303,0.0,guarded trend pullback long|guard_size_down=0.500|scale=1.61|regScale=1.00|stopPct=0.0124
2025-09-15 20:00:00+00:00,ETHUSDT,ENTRY_LONG,4522.896462,,0.39565765517659357,0.0,guarded trend pullback long|guard_size_down=0.500|scale=0.72|regScale=1.00|stopPct=0.0278
2025-09-16 04:00:00+00:00,ETHUSDT,EXIT,4522.896462,4509.296805,0.39565765517659357,-5.380808399825849,CLOSE_BY_SIGNAL
2025-09-16 08:00:00+00:00,BTCUSDT,FUNDING,,,0.07266418066784303,-0.5853233456340468,"rate=0.000070, notional~8372.53"
2025-09-16 16:00:00+00:00,BTCUSDT,FUNDING,,,0.07266418066784303,-0.5490925315832447,"rate=0.000065, notional~8484.12"
2025-09-17 08:00:00+00:00,BTCUSDT,FUNDING,,,0.07266418066784303,-0.7127230149164087,"rate=0.000084, notional~8443.59"
2025-09-17 16:00:00+00:00,BTCUSDT,STOP_LONG,115043.5027,114799.299875,0.07266418066784303,-17.744798195397674,
2025-09-17 20:00:00+00:00,ETHUSDT,ENTRY_LONG,4589.67649,,0.8895769618713775,0.0,trend long|scale=0.77|regScale=1.00|stopPct=0.0260
2025-09-18 16:00:00+00:00,ETHUSDT,FUNDING,,,0.8895769618713775,-0.08041820774598832,"rate=0.000020, notional~4080.07"
2025-09-19 00:00:00+00:00,ETHUSDT,FUNDING,,,0.8895769618713775,-0.23240338415176626,"rate=0.000057, notional~4045.32"
2025-09-19 12:00:00+00:00,ETHUSDT,STOP_LONG,4589.67649,4467.647589228572,0.8895769618713775,-108.5540988087509,
2025-09-19 20:00:00+00:00,ETHUSDT,ENTRY_LONG,4467.829946999999,,0.637455151158696,0.0,chop long z=-1.21|scale=0.74|regScale=1.10|stopPct=0.0243
2025-09-20 00:00:00+00:00,ETHUSDT,FUNDING,,,0.637455151158696,0.124227754523004,"rate=-0.000044, notional~2845.34"
2025-09-20 08:00:00+00:00,ETHUSDT,FUNDING,,,0.637455151158696,0.01700345320380101,"rate=-0.000006, notional~2848.15"
2025-09-21 00:00:00+00:00,ETHUSDT,FUNDING,,,0.637455151158696,0.067680735614208,"rate=-0.000024, notional~2853.32"
2025-09-21 08:00:00+00:00,ETHUSDT,FUNDING,,,0.637455151158696,-0.13720890193044621,"rate=0.000048, notional~2841.94"
2025-09-21 12:00:00+00:00,ETHUSDT,ENTRY_SHORT,4479.285811000001,,2.3383087705937613,0.0,bear trend short|scale=1.49|regScale=1.00|stopPct=0.0121
2025-09-21 12:00:00+00:00,ETHUSDT,EXIT,4467.829946999999,4479.285811000001,0.637455151158696,7.302599517774346,FLIP_CLOSE
2025-09-21 16:00:00+00:00,ETHUSDT,FUNDING,,,2.3383087705937613,0.31922184914698615,"rate=0.000030, notional~10504.17"
2025-09-21 16:00:00+00:00,ETHUSDT,EXIT,4479.285811000001,4493.557663,2.3383087705937613,-33.37199670421364,CLOSE_BY_SIGNAL
2025-09-22 00:00:00+00:00,ETHUSDT,ENTRY_SHORT,4302.328914,,1.6170922890103545,0.0,bear trend short|scale=1.22|regScale=1.00|stopPct=0.0147
2025-09-22 16:00:00+00:00,BTCUSDT,ENTRY_SHORT,112039.27812999999,,0.1623077323450546,0.0,bear trend short|scale=1.91|regScale=1.00|stopPct=0.0094
2025-09-22 16:00:00+00:00,ETHUSDT,FUNDING,,,1.6170922890103545,0.033955091330080345,"rate=0.000005, notional~6684.07"
2025-09-23 00:00:00+00:00,ETHUSDT,FUNDING,,,1.6170922890103545,-0.013065985545246591,"rate=-0.000002, notional~6769.94"
2025-09-23 00:00:00+00:00,BTCUSDT,FUNDING,,,0.1623077323450546,1.2871331491043816,"rate=0.000071, notional~18226.18"
2025-09-23 08:00:00+00:00,BTCUSDT,ENTRY_SHORT,112904.71842,,0.09148221042088188,0.0,bear trend short|scale=1.50|regScale=1.00|stopPct=0.0120
2025-09-23 08:00:00+00:00,BTCUSDT,STOP_SHORT,112039.27812999999,113164.03902999999,0.1623077323450546,-182.55739110938174,
2025-09-23 16:00:00+00:00,BTCUSDT,FUNDING,,,0.09148221042088188,0.763540754260932,"rate=0.000075, notional~10210.49"
2025-09-23 16:00:00+00:00,ETHUSDT,FUNDING,,,1.6170922890103545,-0.14695081882249494,"rate=-0.000022, notional~6713.15"
2025-09-24 12:00:00+00:00,BTCUSDT,STOP_SHORT,112904.71842,113715.711625,0.09148221042088188,-74.19145102971463,
2025-09-24 16:00:00+00:00,ETHUSDT,EXIT,4302.328914,4160.197685,1.6170922890103545,229.83931444346427,CLOSE_BY_SIGNAL
2025-09-25 16:00:00+00:00,ETHUSDT,ENTRY_SHORT,3909.186892,,0.4478075586278535,0.0,bear trend short|scale=0.62|regScale=1.00|stopPct=0.0291
2025-09-26 00:00:00+00:00,ETHUSDT,FUNDING,,,0.4478075586278535,0.15933379841709683,"rate=0.000090, notional~1775.11"
2025-09-26 08:00:00+00:00,ETHUSDT,FUNDING,,,0.4478075586278535,0.05597723361863542,"rate=0.000032, notional~1748.20"
2025-09-26 12:00:00+00:00,ETHUSDT,EXIT,3909.186892,3945.603326,0.4478075586278535,-16.307554403472245,CLOSE_BY_SIGNAL
2025-09-27 00:00:00+00:00,BTCUSDT,ENTRY_SHORT,109470.94886,,0.06865650909578831,0.0,bear trend short|scale=1.29|regScale=1.00|stopPct=0.0140
2025-09-28 00:00:00+00:00,BTCUSDT,FUNDING,,,0.06865650909578831,0.24890912898380518,"rate=0.000033, notional~7510.84"
2025-09-28 00:00:00+00:00,BTCUSDT,EXIT,109470.94886,109430.11919,0.06865650909578831,2.803222609733478,CLOSE_BY_SIGNAL
2025-09-30 08:00:00+00:00,BTCUSDT,ENTRY_LONG,113037.60110999999,,0.1289247081945466,0.0,trend long|scale=1.46|regScale=1.00|stopPct=0.0137
2025-09-30 16:00:00+00:00,BTCUSDT,ENTRY_LONG,114343.39273,,0.060161310673331324,0.0,trend long|scale=1.47|regScale=0.70|stopPct=0.0122
2025-09-30 16:00:00+00:00,BTCUSDT,FUNDING,,,0.1289247081945466,-0.3808109886206755,"rate=0.000026, notional~14737.27"
2025-09-30 16:00:00+00:00,BTCUSDT,PYRAMID_LONG,114343.39273,,0.04107039143482171,0.0,trend long|pyramid#1
2025-10-01 00:00:00+00:00,BTCUSDT,FUNDING,,,0.060161310673331324,-0.2303732671194333,"rate=0.000034, notional~6866.57"
2025-10-01 00:00:00+00:00,BTCUSDT,FUNDING,,,0.16999509962936832,-0.6509553408594746,"rate=0.000034, notional~19402.54"
2025-10-01 04:00:00+00:00,BTCUSDT,PYRAMID_LONG,114515.14424,,0.04855807313390282,0.0,trend long|pyramid#2
2025-10-01 04:00:00+00:00,BTCUSDT,EXIT,114343.39273,114446.45576000001,0.060161310673331324,6.200406966765155,CLOSE_BY_SIGNAL
2025-10-01 08:00:00+00:00,BTCUSDT,FUNDING,,,0.21855317276327113,-0.8819912554902606,"rate=0.000035, notional~25513.20"
2025-10-01 08:00:00+00:00,BTCUSDT,PYRAMID_LONG,116771.82104,,0.04092598933372586,0.0,trend long|pyramid#3
2025-10-01 12:00:00+00:00,ETHUSDT,ENTRY_LONG,4326.307503,,0.7199396912670576,0.0,trend long|scale=0.65|regScale=1.00|stopPct=0.0306
2025-10-01 16:00:00+00:00,ETHUSDT,FUNDING,,,0.7199396912670576,0.023204999369025293,"rate=-0.000007, notional~3118.95"
2025-10-01 20:00:00+00:00,ETHUSDT,ENTRY_LONG,4347.153755,,0.4610883027384225,0.0,trend long|scale=0.79|regScale=0.70|stopPct=0.0227
2025-10-02 00:00:00+00:00,ETHUSDT,FUNDING,,,0.7199396912670576,-0.046836469484960425,"rate=0.000015, notional~3149.73"
2025-10-02 00:00:00+00:00,BTCUSDT,FUNDING,,,0.259479162096997,-2.3974251483707776,"rate=0.000078, notional~30799.40"
2025-10-02 00:00:00+00:00,ETHUSDT,FUNDING,,,0.4610883027384225,-0.02999660733119588,"rate=0.000015, notional~2017.26"
2025-10-02 08:00:00+00:00,ETHUSDT,EXIT,4347.153755,4375.926828,0.4610883027384225,13.266927394138447,CLOSE_BY_SIGNAL
2025-10-02 16:00:00+00:00,ETHUSDT,FUNDING,,,0.7199396912670576,-0.12075255411769217,"rate=0.000037, notional~3234.73"
2025-10-02 16:00:00+00:00,BTCUSDT,FUNDING,,,0.259479162096997,-2.990961628454193,"rate=0.000095, notional~31341.94"
2025-10-02 20:00:00+00:00,ETHUSDT,ENTRY_LONG,4483.04451,,0.4307466801645029,0.0,trend long|scale=0.78|regScale=0.70|stopPct=0.0231
2025-10-03 00:00:00+00:00,BTCUSDT,ENTRY_LONG,120221.45562,,0.04859476569054301,0.0,trend long|scale=1.35|regScale=0.70|stopPct=0.0133
2025-10-03 16:00:00+00:00,ETHUSDT,FUNDING,,,0.4307466801645029,-0.10883769602835416,"rate=0.000056, notional~1945.96"
2025-10-03 16:00:00+00:00,ETHUSDT,FUNDING,,,0.7199396912670576,-0.18190872010190917,"rate=0.000056, notional~3252.44"
2025-10-04 08:00:00+00:00,ETHUSDT,FUNDING,,,0.4307466801645029,-0.013998240851380853,"rate=0.000007, notional~1930.79"
2025-10-04 08:00:00+00:00,ETHUSDT,FUNDING,,,0.7199396912670576,-0.02339632470986493,"rate=0.000007, notional~3227.08"
2025-10-04 12:00:00+00:00,BTCUSDT,EXIT,120221.45562,121708.27656000001,0.04859476569054301,72.25171520309387,CLOSE_BY_SIGNAL
2025-10-04 16:00:00+00:00,ETHUSDT,FUNDING,,,0.4307466801645029,-0.09232569207070895,"rate=0.000048, notional~1923.45"
2025-10-04 16:00:00+00:00,BTCUSDT,FUNDING,,,0.259479162096997,-2.629537769783058,"rate=0.000083, notional~31635.44"
2025-10-04 16:00:00+00:00,ETHUSDT,EXIT,4483.04451,4464.050383000001,0.4307466801645029,-8.18165714787253,CLOSE_BY_SIGNAL
2025-10-04 16:00:00+00:00,ETHUSDT,FUNDING,,,0.7199396912670576,-0.15431095190337632,"rate=0.000048, notional~3214.81"
2025-10-05 00:00:00+00:00,ETHUSDT,FUNDING,,,0.7199396912670576,-0.18788959936076272,"rate=0.000058, notional~3261.41"
2025-10-05 00:00:00+00:00,BTCUSDT,FUNDING,,,0.259479162096997,-2.7765991563073364,"rate=0.000086, notional~32106.84"
2025-10-07 04:00:00+00:00,ETHUSDT,ENTRY_LONG,4678.2330489999995,,0.4937090145533815,0.0,trend long|scale=0.84|regScale=0.70|stopPct=0.0213
2025-10-07 12:00:00+00:00,ETHUSDT,STOP_LONG,4678.2330489999995,4575.7188724,0.4937090145533815,-50.61217310693718,
2025-10-07 12:00:00+00:00,ETHUSDT,STOP_LONG,4326.307503,4534.096148678572,0.7199396912670576,149.595293418631,
2025-10-07 12:00:00+00:00,ETHUSDT,ENTRY_LONG,4511.65309,,0.22137120220666945,0.0,guarded trend pullback long|guard_size_down=0.500|scale=0.50|regScale=1.00|stopPct=0.0403
2025-10-07 12:00:00+00:00,BTCUSDT,STOP_LONG,114109.75913266123,121854.29916864287,0.259479162096997,2009.5467593631633,
2025-10-07 20:00:00+00:00,ETHUSDT,EXIT,4511.65309,4444.426272000001,0.22137120220666945,-14.882081521188784,CLOSE_BY_SIGNAL
2025-10-08 04:00:00+00:00,BTCUSDT,ENTRY_LONG,121586.86511999999,,0.021945345879969984,0.0,guarded trend pullback long|guard_size_down=0.500|scale=0.81|regScale=1.00|stopPct=0.0246
2025-10-09 08:00:00+00:00,BTCUSDT,FUNDING,,,0.021945345879969984,-0.14402730830204488,"rate=0.000053, notional~2692.10"
2025-10-09 16:00:00+00:00,BTCUSDT,STOP_LONG,121586.86511999999,119580.2722957143,0.021945345879969984,-44.035373569215295,
2025-10-09 16:00:00+00:00,BTCUSDT,FUNDING,,,0.021945345879969984,-0.038603181879247675,"rate=0.000015, notional~2653.14"
2025-10-10 12:00:00+00:00,ETHUSDT,ENTRY_SHORT,4099.249855999999,,0.3483288716217001,0.0,bear trend short|scale=0.56|regScale=1.00|stopPct=0.0322
2025-10-10 20:00:00+00:00,BTCUSDT,ENTRY_SHORT,112681.08553,,0.0164692097625895,0.0,vol break short|scale=0.54|regScale=0.80|stopPct=0.0372
2025-10-11 12:00:00+00:00,BTCUSDT,ENTRY_SHORT,111710.87668,,0.010077141697431402,0.0,bear trend short|scale=0.48|regScale=1.00|stopPct=0.0374
2025-10-11 16:00:00+00:00,ETHUSDT,FUNDING,,,0.3483288716217001,-0.002264604426229024,"rate=-0.000002, notional~1309.02"
2025-10-11 16:00:00+00:00,BTCUSDT,FUNDING,,,0.010077141697431402,0.005229650475591327,"rate=0.000005, notional~1119.84"
2025-10-11 16:00:00+00:00,BTCUSDT,FUNDING,,,0.0164692097625895,0.008546888914888737,"rate=0.000005, notional~1830.17"
2025-10-12 12:00:00+00:00,ETHUSDT,STOP_SHORT,4099.249855999999,4015.3868261999996,0.3483288716217001,29.211914541010948,
2025-10-12 16:00:00+00:00,BTCUSDT,FUNDING,,,0.0164692097625895,-0.20544699522957827,"rate=-0.000109, notional~1882.24"
2025-10-12 16:00:00+00:00,BTCUSDT,FUNDING,,,0.010077141697431402,-0.12570842876400715,"rate=-0.000109, notional~1151.70"
2025-10-12 20:00:00+00:00,BTCUSDT,EXIT,112681.08553,114928.86832,0.0164692097625895,-37.01920626924862,CLOSE_BY_SIGNAL
2025-10-12 20:00:00+00:00,BTCUSDT,EXIT,111710.87668,114928.86832,0.010077141697431402,-32.42815773742959,CLOSE_BY_SIGNAL
2025-10-16 20:00:00+00:00,BTCUSDT,ENTRY_SHORT,108096.96118,,0.028239120907294447,0.0,bear trend short|scale=0.82|regScale=1.00|stopPct=0.0220
2025-10-18 00:00:00+00:00,BTCUSDT,FUNDING,,,0.028239120907294447,-0.14564424738882265,"rate=-0.000048, notional~3022.29"
2025-10-18 20:00:00+00:00,ETHUSDT,ENTRY_SHORT,3885.843897,,0.4411101034649657,0.0,bear trend short|scale=0.61|regScale=1.00|stopPct=0.0294
2025-10-19 00:00:00+00:00,ETHUSDT,EXIT,3885.843897,3905.8714099999997,0.4411101034649657,-8.834338331575745,CLOSE_BY_SIGNAL
2025-10-19 08:00:00+00:00,BTCUSDT,EXIT,108096.96118,107762.91918,0.028239120907294447,9.433052426114488,CLOSE_BY_SIGNAL
2025-10-22 16:00:00+00:00,BTCUSDT,ENTRY_SHORT,107796.6513,,0.0327375141696402,0.0,vol break short|scale=0.74|regScale=0.80|stopPct=0.0269
2025-10-23 00:00:00+00:00,BTCUSDT,FUNDING,,,0.0327375141696402,0.31600184255871994,"rate=0.000089, notional~3546.20"
2025-10-23 16:00:00+00:00,BTCUSDT,STOP_SHORT,107796.6513,110764.32290249999,0.0327375141696402,-97.1541911376823,
2025-10-24 20:00:00+00:00,BTCUSDT,ENTRY_SHORT,110932.11038,,0.04176621336960979,0.0,chop short z=1.28|scale=0.96|regScale=1.10|stopPct=0.0187
2025-10-25 00:00:00+00:00,BTCUSDT,FUNDING,,,0.04176621336960979,0.23265064990868917,"rate=0.000050, notional~4634.48"
2025-10-25 16:00:00+00:00,BTCUSDT,ENTRY_LONG,111608.37246999999,,0.10292153249761654,0.0,trend long|scale=1.20|regScale=1.00|stopPct=0.0166
2025-10-26 04:00:00+00:00,BTCUSDT,ENTRY_LONG,111706.30184,,0.0803370460184696,0.0,trend long|scale=1.69|regScale=0.70|stopPct=0.0107
2025-10-26 04:00:00+00:00,BTCUSDT,EXIT,110932.11038,111706.30184,0.04176621336960979,-32.3350457072898,FLIP_CLOSE
2025-10-26 08:00:00+00:00,BTCUSDT,PYRAMID_LONG,113269.17056,,0.05636779710081406,0.0,trend long|pyramid#1
2025-10-26 12:00:00+00:00,BTCUSDT,PYRAMID_LONG,113682.19443,,0.060994570671195764,0.0,trend long|pyramid#2
2025-10-26 12:00:00+00:00,ETHUSDT,ENTRY_LONG,4074.6720349999996,,1.4528407890614328,0.0,trend long|scale=0.86|regScale=1.00|stopPct=0.0233
2025-10-26 16:00:00+00:00,BTCUSDT,FUNDING,,,0.0803370460184696,-0.629781107627693,"rate=0.000069, notional~9121.97"
2025-10-26 16:00:00+00:00,BTCUSDT,FUNDING,,,0.22028390026962638,-1.726857602810778,"rate=0.000069, notional~25012.42"
2025-10-26 20:00:00+00:00,ETHUSDT,ENTRY_LONG,4157.616911,,0.9145839086625109,0.0,trend long|scale=1.07|regScale=0.70|stopPct=0.0169
2025-10-26 20:00:00+00:00,BTCUSDT,PYRAMID_LONG,114532.14934,,0.06332573660103771,0.0,trend long|pyramid#3
2025-10-26 20:00:00+00:00,ETHUSDT,PYRAMID_LONG,4157.616911,,0.7050241799995838,0.0,trend long|pyramid#1
2025-10-27 00:00:00+00:00,ETHUSDT,PYRAMID_LONG,4204.470963,,0.709220980702737,0.0,trend long|pyramid#2
2025-10-27 04:00:00+00:00,ETHUSDT,PYRAMID_LONG,4201.26,,0.6447960407740689,0.0,trend long|pyramid#3
2025-10-27 16:00:00+00:00,ETHUSDT,FUNDING,,,0.9145839086625109,-0.30011221625267676,"rate=0.000078, notional~3834.32"
2025-10-27 16:00:00+00:00,BTCUSDT,FUNDING,,,0.2836096368706641,-2.380030375346954,"rate=0.000073, notional~32585.30"
2025-10-27 16:00:00+00:00,ETHUSDT,FUNDING,,,3.5118819905378222,-1.152391461751693,"rate=0.000078, notional~14723.28"
2025-10-27 16:00:00+00:00,BTCUSDT,FUNDING,,,0.0803370460184696,-0.6741823440816284,"rate=0.000073, notional~9230.32"
2025-10-27 20:00:00+00:00,ETHUSDT,STOP_LONG,4140.77838067578,4102.638553371429,3.5118819905378222,-133.9425726323714,
2025-10-27 20:00:00+00:00,ETHUSDT,ENTRY_LONG,4119.705541,,0.9575721206918948,0.0,trend long|scale=0.70|regScale=1.00|stopPct=0.0285
2025-10-27 20:00:00+00:00,ETHUSDT,EXIT,4157.616911,4117.234459,0.9145839086625109,-36.933140791536076,CLOSE_BY_SIGNAL
2025-10-27 20:00:00+00:00,BTCUSDT,STOP_LONG,111706.30184,113817.81583714286,0.0803370460184696,169.63279715710846,
2025-10-27 20:00:00+00:00,BTCUSDT,ENTRY_LONG,114098.31923000001,,0.059468243953701434,0.0,trend long|scale=1.43|regScale=0.70|stopPct=0.0126
2025-10-28 00:00:00+00:00,BTCUSDT,FUNDING,,,0.059468243953701434,-0.4102722298109966,"rate=0.000061, notional~6771.29"
2025-10-28 00:00:00+00:00,BTCUSDT,FUNDING,,,0.2836096368706641,-1.9566267705063463,"rate=0.000061, notional~32292.90"
2025-10-28 00:00:00+00:00,ETHUSDT,FUNDING,,,0.9575721206918948,-0.15424572945797357,"rate=0.000039, notional~3918.84"
2025-10-28 08:00:00+00:00,BTCUSDT,FUNDING,,,0.059468243953701434,-0.53054784391442,"rate=0.000078, notional~6796.67"
2025-10-28 08:00:00+00:00,BTCUSDT,FUNDING,,,0.2836096368706641,-2.530232462761614,"rate=0.000078, notional~32413.94"
2025-10-28 08:00:00+00:00,ETHUSDT,FUNDING,,,0.9575721206918948,-0.18163378946528685,"rate=0.000046, notional~3935.73"
2025-10-28 16:00:00+00:00,ETHUSDT,EXIT,4119.705541,4036.048822,0.9575721206918948,-80.10734182295599,CLOSE_BY_SIGNAL
2025-10-28 20:00:00+00:00,BTCUSDT,STOP_LONG,114098.31923000001,112593.751738,0.059468243953701434,-89.47398665906485,
2025-10-28 20:00:00+00:00,BTCUSDT,STOP_LONG,113037.30040870706,113168.36073214287,0.2836096368706641,37.16997073778276,
2025-10-28 20:00:00+00:00,BTCUSDT,ENTRY_LONG,112867.35005,,0.022572905231623773,0.0,guarded trend pullback long|guard_size_down=0.500|scale=0.81|regScale=1.00|stopPct=0.0247
2025-10-29 08:00:00+00:00,BTCUSDT,EXIT,112867.35005,113050.57465000001,0.022572905231623773,4.135911531902533,CLOSE_BY_SIGNAL
2025-10-30 20:00:00+00:00,ETHUSDT,ENTRY_SHORT,3801.65916,,0.3108829937889013,0.0,bear trend short|scale=0.51|regScale=1.00|stopPct=0.0352
2025-10-31 00:00:00+00:00,ETHUSDT,FUNDING,,,0.3108829937889013,0.03830403169677977,"rate=0.000032, notional~1189.94"
2025-10-31 00:00:00+00:00,BTCUSDT,ENTRY_SHORT,109153.44414,,0.02230757145509167,0.0,bear trend short|scale=0.73|regScale=1.00|stopPct=0.0245
2025-11-01 04:00:00+00:00,BTCUSDT,EXIT,109153.44414,110058.30759,0.02230757145509167,-20.185306067975542,CLOSE_BY_SIGNAL
2025-11-01 08:00:00+00:00,ETHUSDT,FUNDING,,,0.3108829937889013,0.09336396983171824,"rate=0.000077, notional~1205.01"
2025-11-01 08:00:00+00:00,ETHUSDT,EXIT,3801.65916,3877.242824,0.3108829937889013,-23.49767574585433,CLOSE_BY_SIGNAL
2025-11-04 04:00:00+00:00,BTCUSDT,ENTRY_SHORT,104411.56713,,0.031440229774223304,0.0,bear trend short|scale=0.86|regScale=1.00|stopPct=0.0210
2025-11-04 08:00:00+00:00,ETHUSDT,ENTRY_SHORT,3526.7216660000004,,0.303918037242153,0.0,bear trend short|scale=0.48|regScale=1.00|stopPct=0.0375
2025-11-04 16:00:00+00:00,BTCUSDT,FUNDING,,,0.031440229774223304,0.20031006559465325,"rate=0.000063, notional~3159.96"
2025-11-04 16:00:00+00:00,ETHUSDT,FUNDING,,,0.303918037242153,0.047853323378552026,"rate=0.000049, notional~981.61"
2025-11-05 00:00:00+00:00,BTCUSDT,FUNDING,,,0.031440229774223304,0.2289289247941306,"rate=0.000071, notional~3209.88"
2025-11-05 08:00:00+00:00,BTCUSDT,FUNDING,,,0.031440229774223304,0.09080470371499791,"rate=0.000028, notional~3207.51"
2025-11-05 08:00:00+00:00,ETHUSDT,FUNDING,,,0.303918037242153,0.006621025607958877,"rate=0.000007, notional~1009.30"
2025-11-05 16:00:00+00:00,BTCUSDT,STOP_SHORT,104411.56713,103901.52539499999,0.031440229774223304,16.035829342843705,
2025-11-05 20:00:00+00:00,BTCUSDT,ENTRY_SHORT,103805.8489,,0.019573647348724188,0.0,bear trend short|scale=0.67|regScale=1.00|stopPct=0.0268
2025-11-06 00:00:00+00:00,BTCUSDT,EXIT,103805.8489,103629.37949,0.019573647348724188,3.454149999177238,CLOSE_BY_SIGNAL
2025-11-06 00:00:00+00:00,ETHUSDT,EXIT,3526.7216660000004,3432.359399,0.303918037242153,28.678394976360114,CLOSE_BY_SIGNAL
2025-11-11 20:00:00+00:00,BTCUSDT,ENTRY_SHORT,102974.89826,,0.038198979910498004,0.0,bear trend short|scale=0.93|regScale=1.00|stopPct=0.0193
2025-11-11 20:00:00+00:00,ETHUSDT,ENTRY_SHORT,3415.2951040000003,,0.46261058087525986,0.0,bear trend short|scale=0.59|regScale=1.00|stopPct=0.0304
2025-11-12 00:00:00+00:00,BTCUSDT,FUNDING,,,0.038198979910498004,0.09711855581001341,"rate=0.000025, notional~3944.70"
2025-11-12 00:00:00+00:00,ETHUSDT,FUNDING,,,0.46261058087525986,0.0575346344252463,"rate=0.000036, notional~1590.23"
2025-11-12 00:00:00+00:00,BTCUSDT,EXIT,102974.89826,103298.18015999999,0.038198979910498004,-12.349038803527137,CLOSE_BY_SIGNAL
2025-11-12 00:00:00+00:00,ETHUSDT,EXIT,3415.2951040000003,3438.5512559999997,0.46261058087525986,-10.758541985643093,CLOSE_BY_SIGNAL
2025-11-14 12:00:00+00:00,BTCUSDT,ENTRY_SHORT,96723.57422000001,,0.02219615648661637,0.0,vol break short|scale=0.59|regScale=0.80|stopPct=0.0341
2025-11-14 12:00:00+00:00,ETHUSDT,ENTRY_SHORT,3194.7712810000003,,0.3402679881859325,0.0,vol break short|scale=0.35|regScale=0.80|stopPct=0.0574
2025-11-15 04:00:00+00:00,BTCUSDT,ENTRY_SHORT,96260.51318,,0.015173073702047775,0.0,bear trend short|scale=0.57|regScale=1.00|stopPct=0.0315
2025-11-15 08:00:00+00:00,ETHUSDT,FUNDING,,,0.3402679881859325,0.04714724096948413,"rate=0.000044, notional~1072.26"
2025-11-15 16:00:00+00:00,ETHUSDT,ENTRY_SHORT,3195.74099,,0.27538555478177407,0.0,bear trend short|scale=0.39|regScale=1.00|stopPct=0.0459
2025-11-16 16:00:00+00:00,BTCUSDT,FUNDING,,,0.02219615648661637,0.14729395414021712,"rate=0.000071, notional~2086.32"
2025-11-16 16:00:00+00:00,ETHUSDT,FUNDING,,,0.27538555478177407,0.06619751361850514,"rate=0.000078, notional~850.98"
2025-11-16 16:00:00+00:00,BTCUSDT,FUNDING,,,0.015173073702047775,0.10068869461175134,"rate=0.000071, notional~1426.19"
2025-11-16 16:00:00+00:00,ETHUSDT,FUNDING,,,0.3402679881859325,0.08179403164312372,"rate=0.000078, notional~1051.47"
2025-11-16 20:00:00+00:00,BTCUSDT,EXIT,96260.51318,94249.96651,0.015173073702047775,30.506172805316666,CLOSE_BY_SIGNAL
2025-11-17 04:00:00+00:00,ETHUSDT,EXIT,3195.74099,3198.069133,0.27538555478177407,-0.6411369516663539,CLOSE_BY_SIGNAL
2025-11-17 04:00:00+00:00,ETHUSDT,STOP_SHORT,3194.7712810000003,3209.0874375,0.3402679881859325,-4.871329770809818,
2025-11-17 16:00:00+00:00,BTCUSDT,FUNDING,,,0.02219615648661637,0.1466406590167932,"rate=0.000072, notional~2034.42"
2025-11-18 16:00:00+00:00,BTCUSDT,STOP_SHORT,96723.57422000001,93709.06143,0.02219615648661637,66.91059761774669,
2025-11-18 16:00:00+00:00,BTCUSDT,FUNDING,,,0.02219615648661637,0.07701135116600875,"rate=0.000037, notional~2067.42"
2025-11-19 16:00:00+00:00,BTCUSDT,ENTRY_SHORT,88831.04269,,0.021181780708757265,0.0,bear trend short|scale=0.65|regScale=1.00|stopPct=0.0279
2025-11-19 20:00:00+00:00,BTCUSDT,STOP_SHORT,88831.04269,91364.371091,0.021181780708757265,-53.660406653248515,
2025-11-21 04:00:00+00:00,BTCUSDT,ENTRY_SHORT,83981.49799,,0.012805258071088232,0.0,bear trend short|scale=0.48|regScale=1.00|stopPct=0.0372
2025-11-21 08:00:00+00:00,BTCUSDT,FUNDING,,,0.012805258071088232,0.04766509514730506,"rate=0.000045, notional~1053.61"
2025-11-21 16:00:00+00:00,ETHUSDT,ENTRY_SHORT,2749.794814,,0.24749857150913687,0.0,bear trend short|scale=0.31|regScale=1.00|stopPct=0.0588
2025-11-22 08:00:00+00:00,ETHUSDT,FUNDING,,,0.24749857150913687,0.04868576574970528,"rate=0.000072, notional~676.66"
2025-11-22 08:00:00+00:00,BTCUSDT,FUNDING,,,0.012805258071088232,0.07250156015085256,"rate=0.000067, notional~1076.49"
2025-11-22 16:00:00+00:00,ETHUSDT,FUNDING,,,0.24749857150913687,0.03168799406047476,"rate=0.000047, notional~680.44"
2025-11-23 00:00:00+00:00,ETHUSDT,FUNDING,,,0.24749857150913687,0.04503079074767408,"rate=0.000064, notional~698.69"
2025-11-23 00:00:00+00:00,ETHUSDT,EXIT,2749.794814,2823.8669059999997,0.24749857150913687,-18.332736958693335,CLOSE_BY_SIGNAL
2025-11-23 00:00:00+00:00,BTCUSDT,EXIT,83981.49799,86286.8783,0.012805258071088232,-29.520989821555304,CLOSE_BY_SIGNAL
2025-11-23 00:00:00+00:00,BTCUSDT,FUNDING,,,0.012805258071088232,0.04210713724984181,"rate=0.000038, notional~1104.59"
2025-11-27 12:00:00+00:00,BTCUSDT,ENTRY_SHORT,90885.62613,,0.027805440074104838,0.0,chop short z=1.34|scale=0.72|regScale=1.10|stopPct=0.0249
2025-11-27 20:00:00+00:00,ETHUSDT,ENTRY_LONG,3014.7041400000003,,0.5019362751061621,0.0,trend long|scale=0.70|regScale=0.70|stopPct=0.0256
2025-11-28 04:00:00+00:00,BTCUSDT,ENTRY_LONG,90897.46105999999,,0.05963795254287911,0.0,trend long|scale=0.83|regScale=1.00|stopPct=0.0240
2025-11-28 04:00:00+00:00,ETHUSDT,ENTRY_LONG,3001.0400419999996,,1.26007865317764,0.0,trend long|scale=0.69|regScale=1.00|stopPct=0.0288
2025-11-28 08:00:00+00:00,BTCUSDT,FUNDING,,,0.05963795254287911,-0.3273748354395802,"rate=0.000060, notional~5449.89"
2025-11-28 08:00:00+00:00,ETHUSDT,FUNDING,,,1.26007865317764,-0.10080095859328804,"rate=0.000026, notional~3821.11"
2025-11-28 08:00:00+00:00,ETHUSDT,FUNDING,,,0.5019362751061621,-0.0401527774126277,"rate=0.000026, notional~1522.09"
2025-11-28 08:00:00+00:00,BTCUSDT,FUNDING,,,0.027805440074104838,0.15263437090735724,"rate=0.000060, notional~2540.94"
2025-11-28 12:00:00+00:00,ETHUSDT,PYRAMID_LONG,3072.691531,,0.4672844091729647,0.0,trend long|pyramid#1
2025-11-28 12:00:00+00:00,BTCUSDT,STOP_SHORT,90885.62613,93082.86648499999,0.027805440074104838,-61.095235019356984,
2025-11-29 00:00:00+00:00,ETHUSDT,FUNDING,,,1.7273630623506047,-0.1343433602903014,"rate=0.000026, notional~5219.24"
2025-11-29 00:00:00+00:00,BTCUSDT,FUNDING,,,0.05963795254287911,0.10713631119796486,"rate=-0.000020, notional~5405.46"
2025-11-29 00:00:00+00:00,ETHUSDT,FUNDING,,,0.5019362751061621,-0.03903742491610156,"rate=0.000026, notional~1516.61"
2025-11-29 04:00:00+00:00,ETHUSDT,EXIT,3014.7041400000003,3002.329031,0.5019362751061621,-6.211516115492776,CLOSE_BY_SIGNAL
2025-11-29 08:00:00+00:00,ETHUSDT,EXIT,3020.423126212861,2997.550465,1.7273630623506047,-39.509390116755824,CLOSE_BY_SIGNAL
2025-11-29 12:00:00+00:00,ETHUSDT,ENTRY_LONG,3006.9018,,1.496519639307685,0.0,trend long|scale=0.76|regScale=1.00|stopPct=0.0263
2025-11-29 20:00:00+00:00,ETHUSDT,EXIT,3006.9018,2987.063612,1.496519639307685,-29.688237950278303,CLOSE_BY_SIGNAL
2025-11-30 08:00:00+00:00,BTCUSDT,FUNDING,,,0.05963795254287911,-0.19298793756368826,"rate=0.000036, notional~5427.11"
2025-12-01 00:00:00+00:00,BTCUSDT,STOP_LONG,90897.46105999999,89307.29262928572,0.05963795254287911,-94.83438940612227,
2025-12-01 00:00:00+00:00,BTCUSDT,FUNDING,,,0.05963795254287911,-0.1849640596882947,"rate=0.000036, notional~5147.90"
2025-12-02 04:00:00+00:00,ETHUSDT,ENTRY_SHORT,2803.35874,,0.6687440812648727,0.0,bear trend short|scale=0.66|regScale=1.00|stopPct=0.0272
2025-12-02 04:00:00+00:00,BTCUSDT,ENTRY_SHORT,86938.9105,,0.03490196678735131,0.0,bear trend short|scale=0.84|regScale=1.00|stopPct=0.0214
2025-12-02 08:00:00+00:00,BTCUSDT,FUNDING,,,0.03490196678735131,0.08055548329178128,"rate=0.000026, notional~3047.88"
2025-12-02 08:00:00+00:00,ETHUSDT,FUNDING,,,0.6687440812648727,0.1048762442203484,"rate=0.000056, notional~1888.98"
2025-12-02 12:00:00+00:00,BTCUSDT,STOP_SHORT,86938.9105,88854.228274,0.03490196678735131,-66.84835733537149,
2025-12-02 12:00:00+00:00,ETHUSDT,STOP_SHORT,2803.35874,2881.4451742999995,0.6687440812648727,-52.21984076520293,
2025-12-03 08:00:00+00:00,BTCUSDT,ENTRY_LONG,92985.58730999999,,0.03327847457550545,0.0,trend long|scale=0.63|regScale=1.00|stopPct=0.0316
2025-12-03 12:00:00+00:00,ETHUSDT,ENTRY_LONG,3085.765452,,0.6212190887919662,0.0,trend long|scale=0.50|regScale=1.00|stopPct=0.0403
2025-12-03 20:00:00+00:00,ETHUSDT,PYRAMID_LONG,3188.026121,,0.2546437029442766,0.0,trend long|pyramid#1
2025-12-04 00:00:00+00:00,ETHUSDT,ENTRY_LONG,3209.532571,,0.28667146602253524,0.0,trend long|scale=0.56|regScale=0.70|stopPct=0.0319
2025-12-04 00:00:00+00:00,ETHUSDT,PYRAMID_LONG,3209.532571,,0.2480413703989504,0.0,trend long|pyramid#2
2025-12-04 08:00:00+00:00,BTCUSDT,FUNDING,,,0.03327847457550545,-0.22984563221921042,"rate=0.000074, notional~3091.40"
2025-12-04 08:00:00+00:00,BTCUSDT,ENTRY_LONG,92922.76847,,0.018047040744228356,0.0,trend long|scale=0.76|regScale=0.70|stopPct=0.0236
2025-12-04 16:00:00+00:00,ETHUSDT,STOP_LONG,3136.2496508653335,3075.858679771429,1.123904162135193,-67.8736637678256,
2025-12-04 16:00:00+00:00,ETHUSDT,STOP_LONG,3209.532571,3105.1361796,0.28667146602253524,-29.927466570100414,
2025-12-04 16:00:00+00:00,ETHUSDT,ENTRY_LONG,3118.5952979999997,,0.22085112525559505,0.0,trend long|scale=0.48|regScale=0.70|stopPct=0.0373
2025-12-04 16:00:00+00:00,ETHUSDT,ENTRY_LONG,3118.5952979999997,,0.5128150483800802,0.0,trend long|scale=0.42|regScale=1.00|stopPct=0.0479
2025-12-05 00:00:00+00:00,BTCUSDT,EXIT,92922.76847,92077.26853,0.018047040744228356,-15.258771866422526,CLOSE_BY_SIGNAL
2025-12-05 00:00:00+00:00,ETHUSDT,FUNDING,,,0.22085112525559505,-0.01683528703966935,"rate=0.000024, notional~700.01"
2025-12-05 00:00:00+00:00,ETHUSDT,FUNDING,,,0.5128150483800802,-0.03909144011717846,"rate=0.000024, notional~1625.42"
2025-12-05 00:00:00+00:00,BTCUSDT,FUNDING,,,0.03327847457550545,-0.14825939841259855,"rate=0.000048, notional~3065.11"
2025-12-05 00:00:00+00:00,BTCUSDT,FUNDING,,,0.018047040744228356,-0.0804016241127937,"rate=0.000048, notional~1662.22"
2025-12-05 08:00:00+00:00,ETHUSDT,FUNDING,,,0.22085112525559505,-0.06754340759450672,"rate=0.000098, notional~691.26"
2025-12-05 08:00:00+00:00,BTCUSDT,EXIT,92985.58730999999,91280.50763,0.03327847457550545,-56.74245078009081,CLOSE_BY_SIGNAL
2025-12-05 08:00:00+00:00,ETHUSDT,FUNDING,,,0.5128150483800802,-0.15683540572069118,"rate=0.000098, notional~1605.11"
2025-12-05 08:00:00+00:00,BTCUSDT,FUNDING,,,0.03327847457550545,-0.15022777236257176,"rate=0.000049, notional~3038.59"
2025-12-05 16:00:00+00:00,ETHUSDT,STOP_LONG,3118.5952979999997,2980.4194629857143,0.5128150483800802,-70.85864751780876,
2025-12-05 16:00:00+00:00,ETHUSDT,STOP_LONG,3118.5952979999997,3044.119061657143,0.22085112525559505,-16.448160601121554,
2025-12-07 12:00:00+00:00,BTCUSDT,ENTRY_SHORT,89478.1485,,0.06221963877192193,0.0,bear trend short|scale=1.17|regScale=1.00|stopPct=0.0154
2025-12-07 16:00:00+00:00,BTCUSDT,FUNDING,,,0.06221963877192193,0.2963340935355133,"rate=0.000052, notional~5685.61"
2025-12-07 16:00:00+00:00,BTCUSDT,STOP_SHORT,89478.1485,90907.173973,0.06221963877192193,-88.91344872593497,
2025-12-08 04:00:00+00:00,ETHUSDT,ENTRY_LONG,3133.559786,,0.8277102584917431,0.0,trend long|scale=0.58|regScale=1.00|stopPct=0.0343
2025-12-08 08:00:00+00:00,ETHUSDT,FUNDING,,,0.8277102584917431,-0.1882048943203349,"rate=0.000072, notional~2599.52"
2025-12-09 12:00:00+00:00,ETHUSDT,PYRAMID_LONG,3245.883473,,0.22950251943278935,0.0,vol break long|pyramid#1
2025-12-09 12:00:00+00:00,BTCUSDT,ENTRY_LONG,92704.70306999999,,0.041555754160678395,0.0,vol break long|scale=0.80|regScale=0.80|stopPct=0.0251
2025-12-11 00:00:00+00:00,ETHUSDT,STOP_LONG,3157.9433062305134,3191.7434039214286,1.0572127779245324,35.73389517393304,
2025-12-11 00:00:00+00:00,BTCUSDT,STOP_LONG,92704.70306999999,90426.76383,0.041555754160678395,-94.66148305040227,
2025-12-14 12:00:00+00:00,ETHUSDT,ENTRY_SHORT,3082.405001,,0.9528344689944781,0.0,bear trend short|scale=0.86|regScale=1.00|stopPct=0.0208
2025-12-15 00:00:00+00:00,ETHUSDT,STOP_SHORT,3082.405001,3148.5092695,0.9528344689944781,-62.98642557446568,
2025-12-15 00:00:00+00:00,ETHUSDT,FUNDING,,,0.9528344689944781,0.18221465098845252,"rate=0.000062, notional~2960.91"
2025-12-15 08:00:00+00:00,BTCUSDT,ENTRY_SHORT,89579.1182,,0.10293606975194367,0.0,bear trend short|scale=1.55|regScale=1.00|stopPct=0.0116
2025-12-15 16:00:00+00:00,BTCUSDT,FUNDING,,,0.10293606975194367,0.2730760527431388,"rate=0.000031, notional~8863.23"
2025-12-16 04:00:00+00:00,ETHUSDT,ENTRY_SHORT,2921.743214,,0.4631176144598522,0.0,bear trend short|scale=0.56|regScale=1.00|stopPct=0.0322
2025-12-16 08:00:00+00:00,ETHUSDT,FUNDING,,,0.4631176144598522,0.03123235631119913,"rate=0.000023, notional~1369.24"
2025-12-16 08:00:00+00:00,BTCUSDT,FUNDING,,,0.10293606975194367,0.12119940928521951,"rate=0.000013, notional~8977.73"
2025-12-16 12:00:00+00:00,BTCUSDT,STOP_SHORT,89579.1182,87991.61242399999,0.10293606975194367,163.41160528995002,
2025-12-16 16:00:00+00:00,ETHUSDT,EXIT,2921.743214,2944.68314,0.4631176144598522,-10.623883805005546,CLOSE_BY_SIGNAL
2025-12-17 12:00:00+00:00,ETHUSDT,ENTRY_SHORT,2902.359031,,0.35455010110482377,0.0,bear trend short|scale=0.51|regScale=1.00|stopPct=0.0356
2025-12-17 16:00:00+00:00,ETHUSDT,FUNDING,,,0.35455010110482377,0.000859553041243338,"rate=0.000001, notional~999.48"
2025-12-18 04:00:00+00:00,ETHUSDT,EXIT,2902.359031,2835.830494,0.35455010110482377,23.58769951970606,CLOSE_BY_SIGNAL
2025-12-24 04:00:00+00:00,ETHUSDT,ENTRY_SHORT,2930.62055,,1.04176671810532,0.0,vol break short|scale=0.71|regScale=0.80|stopPct=0.0282
2025-12-24 04:00:00+00:00,BTCUSDT,ENTRY_SHORT,86842.03957000001,,0.06766029011400343,0.0,vol break short|scale=0.98|regScale=0.80|stopPct=0.0203
2025-12-24 16:00:00+00:00,ETHUSDT,FUNDING,,,1.04176671810532,0.17268498698484355,"rate=0.000056, notional~3067.77"
2025-12-24 16:00:00+00:00,BTCUSDT,FUNDING,,,0.06766029011400343,0.3509805408909402,"rate=0.000059, notional~5921.72"
2025-12-25 00:00:00+00:00,ETHUSDT,FUNDING,,,1.04176671810532,0.20030975132153403,"rate=0.000065, notional~3068.94"
2025-12-25 00:00:00+00:00,BTCUSDT,FUNDING,,,0.06766029011400343,0.3536890614667433,"rate=0.000060, notional~5941.36"
2025-12-26 00:00:00+00:00,BTCUSDT,STOP_SHORT,86842.03957000001,88432.6468375,0.06766029011400343,-107.6209491764915,
2025-12-26 00:00:00+00:00,ETHUSDT,STOP_SHORT,2930.62055,2962.3437937500003,1.04176671810532,-33.048219529092776,
2025-12-26 16:00:00+00:00,ETHUSDT,ENTRY_SHORT,2923.6226500000002,,1.05163114380659,0.0,bear trend short|scale=0.87|regScale=1.00|stopPct=0.0207
2025-12-26 20:00:00+00:00,ETHUSDT,EXIT,2923.6226500000002,2927.698046,1.05163114380659,-4.285813356944515,CLOSE_BY_SIGNAL
2026-01-01 20:00:00+00:00,ETHUSDT,ENTRY_LONG,3003.3907469999995,,1.8982126766077307,0.0,trend long|scale=1.42|regScale=0.70|stopPct=0.0127
2026-01-03 00:00:00+00:00,BTCUSDT,ENTRY_LONG,90306.98396999999,,0.1439747766837662,0.0,trend long|scale=1.32|regScale=1.00|stopPct=0.0152
2026-01-03 00:00:00+00:00,ETHUSDT,ENTRY_LONG,3124.83717,,2.4548184483500037,0.0,trend long|scale=1.01|regScale=1.00|stopPct=0.0198
2026-01-03 08:00:00+00:00,ETHUSDT,FUNDING,,,1.8982126766077307,-0.2011125389999262,"rate=0.000034, notional~5878.76"
2026-01-03 08:00:00+00:00,ETHUSDT,FUNDING,,,2.4548184483500037,-0.2600840132486121,"rate=0.000034, notional~7602.57"
2026-01-03 08:00:00+00:00,BTCUSDT,FUNDING,,,0.1439747766837662,-0.1362580914699536,"rate=0.000011, notional~12915.46"
2026-01-03 12:00:00+00:00,ETHUSDT,EXIT,3003.3907469999995,3098.990024,1.8982126766077307,181.46775947593522,CLOSE_BY_SIGNAL
2026-01-03 12:00:00+00:00,BTCUSDT,ENTRY_LONG,89958.77954,,0.06540368703809583,0.0,trend long|scale=1.40|regScale=0.70|stopPct=0.0128
2026-01-03 16:00:00+00:00,BTCUSDT,FUNDING,,,0.06540368703809583,-0.4088102641799334,"rate=0.000069, notional~5892.34"
2026-01-03 16:00:00+00:00,ETHUSDT,FUNDING,,,2.4548184483500037,-0.246828852813979,"rate=0.000032, notional~7639.40"
2026-01-03 16:00:00+00:00,BTCUSDT,FUNDING,,,0.1439747766837662,-0.8999242880153532,"rate=0.000069, notional~12970.95"
2026-01-04 00:00:00+00:00,ETHUSDT,FUNDING,,,2.4548184483500037,-0.5867324549313818,"rate=0.000076, notional~7722.20"
2026-01-04 00:00:00+00:00,BTCUSDT,FUNDING,,,0.1439747766837662,-1.2457220848463975,"rate=0.000095, notional~13129.45"
2026-01-04 00:00:00+00:00,BTCUSDT,FUNDING,,,0.06540368703809583,-0.5658964663837862,"rate=0.000095, notional~5964.34"
2026-01-04 08:00:00+00:00,BTCUSDT,FUNDING,,,0.06540368703809583,-0.34697314922397116,"rate=0.000058, notional~5968.92"
2026-01-04 08:00:00+00:00,ETHUSDT,FUNDING,,,2.4548184483500037,-0.016332492365590662,"rate=0.000002, notional~7704.01"
2026-01-04 08:00:00+00:00,BTCUSDT,FUNDING,,,0.1439747766837662,-0.7638006959101054,"rate=0.000058, notional~13139.53"
2026-01-05 00:00:00+00:00,ETHUSDT,FUNDING,,,2.4548184483500037,-0.6196513911220085,"rate=0.000079, notional~7817.96"
2026-01-05 00:00:00+00:00,BTCUSDT,FUNDING,,,0.1439747766837662,-1.1886319048637692,"rate=0.000089, notional~13365.93"
2026-01-05 00:00:00+00:00,BTCUSDT,FUNDING,,,0.06540368703809583,-0.5399620051501097,"rate=0.000089, notional~6071.76"
2026-01-05 08:00:00+00:00,ETHUSDT,FUNDING,,,2.4548184483500037,-0.07538251777941771,"rate=0.000010, notional~7803.57"
2026-01-05 16:00:00+00:00,BTCUSDT,FUNDING,,,0.06540368703809583,-0.4760616246055394,"rate=0.000077, notional~6164.21"
2026-01-05 16:00:00+00:00,BTCUSDT,FUNDING,,,0.1439747766837662,-1.04796639446902,"rate=0.000077, notional~13569.42"
2026-01-05 16:00:00+00:00,ETHUSDT,FUNDING,,,2.4548184483500037,-0.4021480771319853,"rate=0.000051, notional~7908.52"
2026-01-06 00:00:00+00:00,ETHUSDT,ENTRY_LONG,3224.847164,,0.9134063707918981,0.0,trend long|scale=0.96|regScale=0.70|stopPct=0.0188
2026-01-06 08:00:00+00:00,ETHUSDT,FUNDING,,,0.9134063707918981,-0.2032622502680264,"rate=0.000069, notional~2956.11"
2026-01-06 08:00:00+00:00,ETHUSDT,FUNDING,,,2.4548184483500037,-0.5462759378155988,"rate=0.000069, notional~7944.68"
2026-01-06 16:00:00+00:00,BTCUSDT,ENTRY_LONG,92089.81865999999,,0.026012671221716088,0.0,guarded trend pullback long|guard_size_down=0.500|scale=0.79|regScale=1.00|stopPct=0.0255
2026-01-06 16:00:00+00:00,BTCUSDT,STOP_LONG,90306.98396999999,92122.29430392859,0.1439747766837662,261.35889993910365,
2026-01-06 16:00:00+00:00,ETHUSDT,FUNDING,,,2.4548184483500037,-0.33616934358593764,"rate=0.000043, notional~7909.87"
2026-01-06 16:00:00+00:00,BTCUSDT,FUNDING,,,0.1439747766837662,-0.35668221940069655,"rate=0.000027, notional~13254.63"
2026-01-06 16:00:00+00:00,BTCUSDT,STOP_LONG,89958.77954,92709.74301642859,0.06540368703809583,179.92315426556746,
2026-01-06 16:00:00+00:00,ETHUSDT,FUNDING,,,0.9134063707918981,-0.12508428894312512,"rate=0.000043, notional~2943.16"
2026-01-06 16:00:00+00:00,BTCUSDT,FUNDING,,,0.06540368703809583,-0.16203068889612635,"rate=0.000027, notional~6021.21"
2026-01-06 16:00:00+00:00,ETHUSDT,STOP_LONG,3224.847164,3184.2574360999997,0.9134063707918981,-37.07491605256972,
2026-01-07 00:00:00+00:00,ETHUSDT,ENTRY_LONG,3266.549671,,0.49175882414381256,0.0,trend long|scale=0.72|regScale=0.70|stopPct=0.0251
2026-01-07 12:00:00+00:00,BTCUSDT,EXIT,92089.81865999999,91275.70907000001,0.026012671221716088,-21.177165103115517,CLOSE_BY_SIGNAL
2026-01-07 12:00:00+00:00,ETHUSDT,STOP_LONG,3124.83717,3142.880995614286,2.4548184483500037,44.29431599675987,
2026-01-07 12:00:00+00:00,ETHUSDT,ENTRY_LONG,3164.4790590000002,,0.2905831834633487,0.0,guarded trend pullback long|guard_size_down=0.500|scale=0.48|regScale=1.00|stopPct=0.0415
2026-01-07 12:00:00+00:00,ETHUSDT,STOP_LONG,3266.549671,3182.794875,0.49175882414381256,-41.18715999736498,
2026-01-07 20:00:00+00:00,ETHUSDT,EXIT,3164.4790590000002,3166.569744,0.2905831834633487,0.6075179029189743,CLOSE_BY_SIGNAL
2026-01-13 12:00:00+00:00,BTCUSDT,ENTRY_LONG,93435.92236999999,,0.09786011423152893,0.0,vol break long|scale=1.22|regScale=0.80|stopPct=0.0163
2026-01-13 20:00:00+00:00,ETHUSDT,ENTRY_LONG,3325.687407,,1.1402629076967803,0.0,vol break long|scale=0.78|regScale=0.80|stopPct=0.0256
2026-01-13 20:00:00+00:00,BTCUSDT,PYRAMID_LONG,95403.81255999999,,0.024338170411701943,0.0,trend long|pyramid#1
2026-01-14 00:00:00+00:00,BTCUSDT,FUNDING,,,0.12219828464323088,-0.015080337926560172,"rate=0.000001, notional~11690.18"
2026-01-14 00:00:00+00:00,BTCUSDT,PYRAMID_LONG,95694.39971,,0.024621828880318188,0.0,trend long|pyramid#2
2026-01-14 08:00:00+00:00,BTCUSDT,ENTRY_LONG,94792.02908000001,,0.033594149679486845,0.0,trend long|scale=1.02|regScale=0.70|stopPct=0.0177
2026-01-14 12:00:00+00:00,BTCUSDT,PYRAMID_LONG,96720.90757,,0.022900741237877244,0.0,trend long|pyramid#3
2026-01-15 00:00:00+00:00,BTCUSDT,FUNDING,,,0.16972085476142632,0.05976060993149188,"rate=-0.000004, notional~16283.54"
2026-01-15 00:00:00+00:00,BTCUSDT,FUNDING,,,0.033594149679486845,0.011828875583958287,"rate=-0.000004, notional~3223.13"
2026-01-15 04:00:00+00:00,ETHUSDT,ENTRY_LONG,3329.628589,,0.4254687114709466,0.0,trend long|scale=0.67|regScale=0.70|stopPct=0.0267
2026-01-16 00:00:00+00:00,BTCUSDT,FUNDING,,,0.16972085476142632,-1.1874449406837662,"rate=0.000073, notional~16177.72"
2026-01-16 00:00:00+00:00,BTCUSDT,EXIT,94792.02908000001,95291.00412000001,0.033594149679486845,16.762642180088097,CLOSE_BY_SIGNAL
2026-01-16 00:00:00+00:00,ETHUSDT,FUNDING,,,0.4254687114709466,-0.04602366360537272,"rate=0.000033, notional~1401.45"
2026-01-16 00:00:00+00:00,BTCUSDT,FUNDING,,,0.033594149679486845,-0.23504007877849897,"rate=0.000073, notional~3202.18"
2026-01-16 00:00:00+00:00,ETHUSDT,FUNDING,,,1.1402629076967803,-0.12334414980619401,"rate=0.000033, notional~3755.91"
2026-01-16 04:00:00+00:00,ETHUSDT,EXIT,3329.628589,3307.167552,0.4254687114709466,-9.55646847069127,CLOSE_BY_SIGNAL
2026-01-16 08:00:00+00:00,BTCUSDT,FUNDING,,,0.16972085476142632,-1.1877441113683131,"rate=0.000073, notional~16188.42"
2026-01-16 08:00:00+00:00,ETHUSDT,FUNDING,,,1.1402629076967803,-0.13391082272674631,"rate=0.000036, notional~3763.65"
2026-01-16 12:00:00+00:00,BTCUSDT,STOP_LONG,94489.01207826236,94536.27346428571,0.16972085476142632,8.02124283309339,
2026-01-16 12:00:00+00:00,BTCUSDT,ENTRY_LONG,94565.86125,,0.021145320715920735,0.0,guarded trend pullback long|guard_size_down=0.500|scale=0.72|regScale=1.00|stopPct=0.0276
2026-01-16 12:00:00+00:00,ETHUSDT,EXIT,3325.687407,3262.061088,1.1402629076967803,-72.55073150898286,CLOSE_BY_SIGNAL
2026-01-16 20:00:00+00:00,ETHUSDT,ENTRY_LONG,3295.7584309999997,,0.9935267104769857,0.0,trend long|scale=0.66|regScale=1.00|stopPct=0.0305
2026-01-17 00:00:00+00:00,ETHUSDT,FUNDING,,,0.9935267104769857,-0.2734667618055977,"rate=0.000084, notional~3266.84"
2026-01-17 00:00:00+00:00,BTCUSDT,FUNDING,,,0.021145320715920735,0.003587868662425482,"rate=-0.000002, notional~2015.66"
2026-01-17 08:00:00+00:00,ETHUSDT,FUNDING,,,0.9935267104769857,-0.26499354953225296,"rate=0.000081, notional~3280.03"
2026-01-17 08:00:00+00:00,BTCUSDT,FUNDING,,,0.021145320715920735,-0.06058529534063105,"rate=0.000030, notional~2014.81"
2026-01-18 08:00:00+00:00,ETHUSDT,FUNDING,,,0.9935267104769857,-0.044570905777881455,"rate=0.000014, notional~3299.10"
2026-01-18 08:00:00+00:00,BTCUSDT,FUNDING,,,0.021145320715920735,-0.19343798056502082,"rate=0.000096, notional~2011.63"
2026-01-18 08:00:00+00:00,BTCUSDT,EXIT,94565.86125,95104.85998,0.021145320715920735,11.3973010113238,CLOSE_BY_SIGNAL
2026-01-18 16:00:00+00:00,ETHUSDT,FUNDING,,,0.9935267104769857,-0.08232816086531512,"rate=0.000025, notional~3323.70"
2026-01-19 00:00:00+00:00,ETHUSDT,STOP_LONG,3295.7584309999997,3271.5862296000005,0.9935267104769857,-24.015727741928462,
2026-01-20 12:00:00+00:00,BTCUSDT,ENTRY_SHORT,90617.00674,,0.07625963367793648,0.0,bear trend short|scale=1.25|regScale=1.00|stopPct=0.0143
2026-01-20 20:00:00+00:00,ETHUSDT,ENTRY_SHORT,2937.3585279999998,,0.6293163341119793,0.0,bear trend short|scale=0.63|regScale=1.00|stopPct=0.0284
2026-01-21 12:00:00+00:00,ETHUSDT,ENTRY_SHORT,3000.319634,,0.5981362220819157,0.0,bear trend short|scale=0.64|regScale=1.00|stopPct=0.0280
2026-01-21 12:00:00+00:00,ETHUSDT,STOP_SHORT,2937.3585279999998,3022.6175132999997,0.6293163341119793,-53.6548720791031,
2026-01-21 12:00:00+00:00,BTCUSDT,EXIT,90617.00674,90264.17113,0.07625963367793648,26.907114367130852,CLOSE_BY_SIGNAL
2026-01-22 12:00:00+00:00,ETHUSDT,EXIT,3000.319634,2941.6022159999998,0.5981362220819157,35.121014572924786,CLOSE_BY_SIGNAL
2026-01-27 20:00:00+00:00,ETHUSDT,ENTRY_LONG,3025.827476,,0.9075294133590854,0.0,vol break long|scale=0.67|regScale=0.80|stopPct=0.0297
2026-01-28 00:00:00+00:00,ETHUSDT,FUNDING,,,0.9075294133590854,-0.2371098960046571,"rate=0.000087, notional~2726.03"
2026-01-28 08:00:00+00:00,ETHUSDT,FUNDING,,,0.9075294133590854,-0.26358430566267416,"rate=0.000096, notional~2757.45"
2026-01-28 12:00:00+00:00,ETHUSDT,EXIT,3025.827476,3005.348125,0.9075294133590854,-18.585613399004757,CLOSE_BY_SIGNAL
2026-01-29 12:00:00+00:00,ETHUSDT,ENTRY_SHORT,2821.803205,,0.6851441955028094,0.0,bear trend short|scale=0.66|regScale=1.00|stopPct=0.0271
2026-01-29 16:00:00+00:00,ETHUSDT,FUNDING,,,0.6851441955028094,-0.022360026886567335,"rate=-0.000012, notional~1916.03"
2026-01-30 08:00:00+00:00,ETHUSDT,FUNDING,,,0.6851441955028094,-0.005821108410947059,"rate=-0.000003, notional~1889.97"
2026-01-30 08:00:00+00:00,BTCUSDT,ENTRY_SHORT,83079.86856,,0.024286609784565275,0.0,bear trend short|scale=0.67|regScale=1.00|stopPct=0.0267
2026-01-31 00:00:00+00:00,ETHUSDT,FUNDING,,,0.6851441955028094,-0.1292977704537291,"rate=-0.000070, notional~1846.32"
2026-02-01 16:00:00+00:00,BTCUSDT,FUNDING,,,0.024286609784565275,0.03226214125362429,"rate=0.000017, notional~1873.53"
2026-02-01 16:00:00+00:00,BTCUSDT,EXIT,83079.86856,77165.54272,0.024286609784565275,143.63892381485135,CLOSE_BY_SIGNAL
2026-02-01 16:00:00+00:00,ETHUSDT,FUNDING,,,0.6851441955028094,-0.1161276337731979,"rate=-0.000073, notional~1589.05"
2026-02-02 00:00:00+00:00,BTCUSDT,ENTRY_SHORT,76233.32314,,0.017170839045566884,0.0,bear trend short|scale=0.51|regScale=1.00|stopPct=0.0355
2026-02-02 00:00:00+00:00,ETHUSDT,FUNDING,,,0.6851441955028094,-0.2345717755618601,"rate=-0.000153, notional~1532.95"
2026-02-02 08:00:00+00:00,ETHUSDT,EXIT,2821.803205,2281.894363,0.6851441955028094,369.9154091969436,CLOSE_BY_SIGNAL
2026-02-02 12:00:00+00:00,BTCUSDT,STOP_SHORT,76233.32314,78983.86805399999,0.017170839045566884,-47.22916400589658,
2026-02-05 04:00:00+00:00,BTCUSDT,ENTRY_SHORT,70694.88517000001,,0.01680823459203779,0.0,bear trend short|scale=0.48|regScale=1.00|stopPct=0.0377
2026-02-05 08:00:00+00:00,BTCUSDT,FUNDING,,,0.01680823459203779,0.0035201724383035946,"rate=0.000003, notional~1181.27"
2026-02-05 08:00:00+00:00,ETHUSDT,ENTRY_SHORT,2078.1163779999997,,0.340316235605,0.0,bear trend short|scale=0.28|regScale=1.00|stopPct=0.0635
2026-02-06 00:00:00+00:00,BTCUSDT,FUNDING,,,0.01680823459203779,-0.017216430250468637,"rate=-0.000016, notional~1078.05"
2026-02-06 00:00:00+00:00,ETHUSDT,FUNDING,,,0.340316235605,-0.17833397554205893,"rate=-0.000277, notional~643.60"
2026-02-06 12:00:00+00:00,BTCUSDT,STOP_SHORT,70694.88517000001,67342.087996,0.01680823459203779,56.35460144011345,
2026-02-06 12:00:00+00:00,BTCUSDT,ENTRY_SHORT,68556.92675,,0.011730563192093651,0.0,bear trend short|scale=0.31|regScale=1.00|stopPct=0.0572
2026-02-06 16:00:00+00:00,ETHUSDT,FUNDING,,,0.340316235605,0.013015931449733011,"rate=0.000019, notional~702.80"
2026-02-06 16:00:00+00:00,BTCUSDT,EXIT,68556.92675,70696.70264999999,0.011730563192093651,-25.100776411868985,CLOSE_BY_SIGNAL
2026-02-06 16:00:00+00:00,ETHUSDT,ENTRY_SHORT,2064.530455,,0.2864499223292454,0.0,bear trend short|scale=0.23|regScale=1.00|stopPct=0.0767
2026-02-06 16:00:00+00:00,ETHUSDT,STOP_SHORT,2078.1163779999997,2023.3884059,0.340316235605,18.624817447367388,
2026-02-06 16:00:00+00:00,BTCUSDT,FUNDING,,,0.011730563192093651,-0.11174116759702579,"rate=-0.000135, notional~829.06"
2026-02-07 00:00:00+00:00,ETHUSDT,EXIT,2064.530455,2080.2438859999997,0.2864499223292454,-4.501111089475863,CLOSE_BY_SIGNAL
2026-02-10 08:00:00+00:00,ETHUSDT,ENTRY_SHORT,2001.269439,,0.549523531661177,0.0,bear trend short|scale=0.44|regScale=1.00|stopPct=0.0412
2026-02-10 12:00:00+00:00,ETHUSDT,EXIT,2001.269439,2021.9263959999998,0.549523531661177,-11.351483964013028,CLOSE_BY_SIGNAL
2026-02-15 20:00:00+00:00,ETHUSDT,ENTRY_SHORT,1964.880359,,0.9907433479551686,0.0,bear trend short|scale=0.62|regScale=1.00|stopPct=0.0289
2026-02-16 00:00:00+00:00,ETHUSDT,EXIT,1964.880359,1958.307316,0.9907433479551686,6.512198628073382,CLOSE_BY_SIGNAL
2026-02-24 00:00:00+00:00,BTCUSDT,ENTRY_SHORT,63551.428850000004,,0.04600003664252406,0.0,bear trend short|scale=0.76|regScale=1.00|stopPct=0.0236
2026-02-24 08:00:00+00:00,BTCUSDT,FUNDING,,,0.04600003664252406,-0.034678643140173986,"rate=-0.000012, notional~2906.84"
2026-02-24 16:00:00+00:00,ETHUSDT,ENTRY_SHORT,1851.004532,,0.8236554550713774,0.0,bear trend short|scale=0.55|regScale=1.00|stopPct=0.0325
2026-02-25 00:00:00+00:00,BTCUSDT,STOP_SHORT,63551.428850000004,65089.671045,0.04600003664252406,-70.75919733507659,
2026-02-25 00:00:00+00:00,ETHUSDT,STOP_SHORT,1851.004532,1912.3025186999998,0.8236554550713774,-50.48842113034767,
2026-02-26 16:00:00+00:00,ETHUSDT,ENTRY_LONG,2029.6087,,0.3768689713769965,0.0,trend long|scale=0.45|regScale=0.70|stopPct=0.0401
2026-02-27 00:00:00+00:00,ETHUSDT,EXIT,2029.6087,2043.8666560000001,0.3768689713769965,5.373381211658532,CLOSE_BY_SIGNAL
2026-02-27 00:00:00+00:00,ETHUSDT,ENTRY_LONG,2045.093344,,0.7283099767671086,0.0,trend long|scale=0.39|regScale=1.00|stopPct=0.0508
2026-02-27 08:00:00+00:00,ETHUSDT,FUNDING,,,0.7283099767671086,-0.004769730150612898,"rate=0.000003, notional~1428.06"
2026-02-27 08:00:00+00:00,ETHUSDT,EXIT,2045.093344,1960.201763,0.7283099767671086,-61.82738538583302,CLOSE_BY_SIGNAL
2026-02-28 08:00:00+00:00,BTCUSDT,ENTRY_SHORT,63791.25688,,0.037944643730374074,0.0,bear trend short|scale=0.71|regScale=1.00|stopPct=0.0255
2026-02-28 16:00:00+00:00,BTCUSDT,STOP_SHORT,63791.25688,65458.621696999995,0.037944643730374074,-63.26756394962514,
2026-03-04 16:00:00+00:00,BTCUSDT,ENTRY_LONG,73602.27406,,0.022221367059572315,0.0,trend long|scale=0.43|regScale=1.00|stopPct=0.0460
2026-03-05 00:00:00+00:00,BTCUSDT,FUNDING,,,0.022221367059572315,-0.05744202567922783,"rate=0.000036, notional~1610.37"
2026-03-05 08:00:00+00:00,BTCUSDT,FUNDING,,,0.022221367059572315,-0.08040772860503849,"rate=0.000050, notional~1619.49"
2026-03-06 00:00:00+00:00,ETHUSDT,ENTRY_LONG,2083.504864,,0.6813724482541851,0.0,trend long|scale=0.38|regScale=1.00|stopPct=0.0528
2026-03-06 04:00:00+00:00,BTCUSDT,STOP_LONG,73602.27406,70173.971491,0.022221367059572315,-76.18156977702357,
2026-03-06 04:00:00+00:00,BTCUSDT,ENTRY_LONG,71048.00800999999,,0.02597081046793079,0.0,trend long|scale=0.49|regScale=1.00|stopPct=0.0405
2026-03-06 08:00:00+00:00,ETHUSDT,EXIT,2083.504864,2049.404994,0.6813724482541851,-23.234711907049444,CLOSE_BY_SIGNAL
2026-03-06 12:00:00+00:00,BTCUSDT,STOP_LONG,71048.00800999999,68127.30995942857,0.02597081046793079,-75.85289550544519,
